Symbol,Name,Sector,Price,Dividend Yield,Price/Earnings,Earnings/Share,Book Value,52 week low,52 week high,Market Cap,EBITDA,Price/Sales,Price/Book,SEC Filings
A,Agilent Technologies Inc,Health Care,45.48,1.04,32.35,1.38,12.79,33.12,46.68,14.8,0.844,3.53,3.47,http://www.sec.gov/cgi-bin/browse-edgar?action=getcompany&CIK=A
AA,Alcoa Inc,Materials,9.82,1.31,,-0.44,9.25,6.14,11.5,12.91,2.67,0.57,1.01,http://www.sec.gov/cgi-bin/browse-edgar?action=getcompany&CIK=AA
AAL,American Airlines Group,Industrials,30.04,1.41,2.69,11.16,8.04,24.85,47.09,17.37,8.83,0.42,3.66,http://www.sec.gov/cgi-bin/browse-edgar?action=getcompany&CIK=AAL
AAP,Advance Auto Parts,Consumer Discretionary,164.85,0.15,25.2,6.4,35.82,131.59,201.24,12.1,1.24,1.22,4.5,http://www.sec.gov/cgi-bin/browse-edgar?action=getcompany&CIK=AAP
AAPL,Apple Inc.,Information Technology,96.68,2.36,10.76,8.98,23.81,89.47,132.97,529.56,78.5,2.31,4.03,http://www.sec.gov/cgi-bin/browse-edgar?action=getcompany&CIK=AAPL
ABBV,AbbVie,Health Care,64.16,3.6,19.29,3.33,2.87,45.45,71.6,103.77,10.3,4.31,22.09,http://www.sec.gov/cgi-bin/browse-edgar?action=getcompany&CIK=ABBV
ABC,AmerisourceBergen Corp,Health Care,81.92,1.68,11.98,6.84,9.78,73.31,115.41,17.68,1.75,0.12,8.28,http://www.sec.gov/cgi-bin/browse-edgar?action=getcompany&CIK=ABC
ABT,Abbott Laboratories,Health Care,41.89,2.55,25.79,1.62,14.1,36,51.74,61.54,4.4,2.98,2.93,http://www.sec.gov/cgi-bin/browse-edgar?action=getcompany&CIK=ABT
ACN,Accenture plc,Information Technology,115.11,1.94,19.45,5.92,11.45,88.43,120.78,71.66,5.42,2.17,9.84,http://www.sec.gov/cgi-bin/browse-edgar?action=getcompany&CIK=ACN
ADBE,Adobe Systems Inc,Information Technology,96.79,0,54.68,1.77,14.53,71.27,100.56,48.23,1.53,8.93,6.55,http://www.sec.gov/cgi-bin/browse-edgar?action=getcompany&CIK=ADBE
ADI,"Analog Devices, Inc.",Information Technology,57.74,3,28.03,2.06,15.86,47.24,64.16,17.75,1.23,5.07,3.53,http://www.sec.gov/cgi-bin/browse-edgar?action=getcompany&CIK=ADI
ADM,Archer-Daniels-Midland Co,Consumer Staples,43.48,2.85,16.68,2.61,30.49,29.86,49.5,25.55,2.62,0.38,1.38,http://www.sec.gov/cgi-bin/browse-edgar?action=getcompany&CIK=ADM
ADP,Automatic Data Processing,Information Technology,94.47,2.27,28.28,3.34,9.87,64.29,94.59,43.03,2.41,3.72,9.47,http://www.sec.gov/cgi-bin/browse-edgar?action=getcompany&CIK=ADP
ADS,Alliance Data Systems,Information Technology,200.96,,22.65,8.87,29.51,176.63,307.78,11.84,1.52,1.78,6.68,http://www.sec.gov/cgi-bin/browse-edgar?action=getcompany&CIK=ADS
ADSK,Autodesk Inc,Information Technology,55.14,0,,-2.32,6.39,41.6,65.78,12.39,0.0225,5.08,8.37,http://www.sec.gov/cgi-bin/browse-edgar?action=getcompany&CIK=ADSK
AEE,Ameren Corp,Utilities,53.15,3.16,20.62,2.58,28.31,37.92,54.08,12.9,2.18,2.21,1.86,http://www.sec.gov/cgi-bin/browse-edgar?action=getcompany&CIK=AEE
AEP,American Electric Power,Utilities,70.71,3.14,18.14,3.9,36.9,52.29,71.32,34.74,4.95,2.17,1.9,http://www.sec.gov/cgi-bin/browse-edgar?action=getcompany&CIK=AEP
AES,AES Corp,Utilities,12.32,3.6,28.99,0.43,4.86,8.22,13.38,8.12,3.57,0.55,2.49,http://www.sec.gov/cgi-bin/browse-edgar?action=getcompany&CIK=AES
AET,Aetna Inc,Health Care,117,0.87,17.62,6.64,47.96,92.42,125.47,41.02,5.4,0.67,2.41,http://www.sec.gov/cgi-bin/browse-edgar?action=getcompany&CIK=AET
AFL,AFLAC Inc,Financials,72.49,2.27,11.93,6.07,48.22,51.41,72.81,30.01,4.49,1.4,1.48,http://www.sec.gov/cgi-bin/browse-edgar?action=getcompany&CIK=AFL
AGN,Allergan plc,Health Care,240.59,0.1,21.53,11.18,183.41,195.5,340.34,95.17,6.57,5.77,1.3,http://www.sec.gov/cgi-bin/browse-edgar?action=getcompany&CIK=AGN
AIG,"American International Group, Inc.",Financials,53.01,2.5,,-0.37,78.28,48.41,64.93,59.32,5.83,1.07,0.66,http://www.sec.gov/cgi-bin/browse-edgar?action=getcompany&CIK=AIG
AIV,Apartment Investment & Mgmt,Financials,45.54,2.94,41.74,1.09,9.22,34.71,45.67,7.13,0.56178,7.32,4.87,http://www.sec.gov/cgi-bin/browse-edgar?action=getcompany&CIK=AIV
AIZ,Assurant Inc,Financials,86.43,2.37,18.82,4.59,72.87,64.36,89.22,5.35,0.62009,0.53,1.16,http://www.sec.gov/cgi-bin/browse-edgar?action=getcompany&CIK=AIZ
AJG,Arthur J. Gallagher & Co.,Financials,48.7,3.17,22.46,2.17,20.31,35.96,48.76,8.63,0.8309,1.58,2.36,http://www.sec.gov/cgi-bin/browse-edgar?action=getcompany&CIK=AJG
AKAM,Akamai Technologies Inc,Information Technology,56.38,,31.85,1.77,17.69,39.43,76.98,9.9,0.6981,4.31,3.11,http://www.sec.gov/cgi-bin/browse-edgar?action=getcompany&CIK=AKAM
ALB,Albemarle Corp,Materials,83.58,1.57,18.13,4.61,31.53,41.37,84.99,9.39,0.95275,2.51,2.58,http://www.sec.gov/cgi-bin/browse-edgar?action=getcompany&CIK=ALB
ALK,Alaska Air Group Inc,Industrials,59.86,1.88,8.65,6.92,19.81,54.51,87.17,7.38,1.72,1.29,3,http://www.sec.gov/cgi-bin/browse-edgar?action=getcompany&CIK=ALK
ALL,Allstate Corp,Financials,69.66,1.95,17,4.1,49.58,54.12,69.95,26.08,3.26,0.73,1.39,http://www.sec.gov/cgi-bin/browse-edgar?action=getcompany&CIK=ALL
ALLE,Allegion,Industrials,69.74,0.7,40.59,1.72,0.77,52.95,69.95,6.68,0.4506,3.11,89.14,http://www.sec.gov/cgi-bin/browse-edgar?action=getcompany&CIK=ALLE
ALXN,Alexion Pharmaceuticals,Health Care,124.42,,188.23,0.66,35.96,110.56,208.88,27.87,0.97872,10.22,3.43,http://www.sec.gov/cgi-bin/browse-edgar?action=getcompany&CIK=ALXN
AMAT,Applied Materials Inc,Information Technology,24.93,1.65,23.08,1.08,6.03,14.25,24.97,27.15,1.98,2.77,4.03,http://www.sec.gov/cgi-bin/browse-edgar?action=getcompany&CIK=AMAT
AME,Ametek,Industrials,45.84,0.79,18.86,2.43,14.12,42.82,57.67,10.7,1.07,2.69,3.21,http://www.sec.gov/cgi-bin/browse-edgar?action=getcompany&CIK=AME
AMG,Affiliated Managers Group Inc,Financials,138.85,,15.55,8.93,53.3,115.97,220.72,7.47,0.916,3.02,2.52,http://www.sec.gov/cgi-bin/browse-edgar?action=getcompany&CIK=AMG
AMGN,Amgen Inc,Health Care,161.1,2.55,17.05,9.45,38.18,130.09,181.81,121.02,10.99,5.31,4.1,http://www.sec.gov/cgi-bin/browse-edgar?action=getcompany&CIK=AMGN
AMP,Ameriprise Financial,Financials,90.84,3.44,10.7,8.49,42.52,76,129.22,15.06,3.28,1.23,2.07,http://www.sec.gov/cgi-bin/browse-edgar?action=getcompany&CIK=AMP
AMT,American Tower Corp A,Financials,113.66,1.77,73.61,1.54,16.33,83.07,114.5,48.26,3.07,9.56,6.87,http://www.sec.gov/cgi-bin/browse-edgar?action=getcompany&CIK=AMT
AMZN,Amazon.com Inc,Consumer Discretionary,745.81,,307.42,2.43,31.26,447.54,746.1,351.89,9.09,3.06,23.56,http://www.sec.gov/cgi-bin/browse-edgar?action=getcompany&CIK=AMZN
AN,AutoNation Inc,Consumer Discretionary,50.77,,13.28,3.82,20.28,40.45,66.63,5.23,0.9987,0.24,2.4,http://www.sec.gov/cgi-bin/browse-edgar?action=getcompany&CIK=AN
ANTM,Anthem Inc.,Health Care,132.15,2.01,14.87,8.89,89.59,115.63,161.8,34.75,5.6,0.42,1.44,http://www.sec.gov/cgi-bin/browse-edgar?action=getcompany&CIK=ANTM
AON,Aon plc,Financials,109.57,1.21,22.39,4.89,19.94,83.83,110.17,29.03,2.54,2.49,5.46,http://www.sec.gov/cgi-bin/browse-edgar?action=getcompany&CIK=AON
APA,Apache Corporation,Energy,55.17,1.82,,-50.15,5.33,32.2,59.59,20.88,3.18,3.66,10.3,http://www.sec.gov/cgi-bin/browse-edgar?action=getcompany&CIK=APA
APC,Anadarko Petroleum Corp,Energy,55.91,0.36,,-8.77,22.9,28.16,78.59,28.54,2.52,3.3,2.41,http://www.sec.gov/cgi-bin/browse-edgar?action=getcompany&CIK=APC
APD,Air Products & Chemicals Inc,Materials,144.35,2.46,56.99,2.53,32.01,114.64,152.16,31.19,2.98,3.16,4.36,http://www.sec.gov/cgi-bin/browse-edgar?action=getcompany&CIK=APD
APH,Amphenol Corp A,Industrials,57.36,1.01,24.5,2.34,11.01,44.5,60.17,17.66,1.31,3.04,5.1,http://www.sec.gov/cgi-bin/browse-edgar?action=getcompany&CIK=APH
ATVI,Activision Blizzard,Information Technology,41.29,0.64,37.06,1.11,11.31,24.04,41.32,30.48,1.59,6.16,3.57,http://www.sec.gov/cgi-bin/browse-edgar?action=getcompany&CIK=ATVI
AVB,"AvalonBay Communities, Inc.",Financials,184.94,2.99,32.5,5.69,71.79,159.3,192.29,25.37,1.26,12.68,2.52,http://www.sec.gov/cgi-bin/browse-edgar?action=getcompany&CIK=AVB
AVGO,Avago Technologies,Information Technology,155.14,1.32,,-0.69,49.9,100,166,61.36,3.51,6.72,3.03,http://www.sec.gov/cgi-bin/browse-edgar?action=getcompany&CIK=AVGO
AVY,Avery Dennison Corp,Materials,73.3,2.27,23.31,3.14,10.85,53.56,77.38,6.54,0.7115,1.09,6.65,http://www.sec.gov/cgi-bin/browse-edgar?action=getcompany&CIK=AVY
AWK,American Water Works Company Inc,Utilities,83.36,1.66,31.33,2.66,28.59,50.16,85.24,14.81,1.53,4.58,2.89,http://www.sec.gov/cgi-bin/browse-edgar?action=getcompany&CIK=AWK
AXP,American Express Co,Financials,61.49,1.95,12.28,5.01,21.8,50.27,81.66,58.48,0,1.84,2.74,http://www.sec.gov/cgi-bin/browse-edgar?action=getcompany&CIK=AXP
AYI,Acuity Brands Inc,Industrials,264.62,0.21,43.23,6.12,36.5,168.33,265.1,11.51,0.5365,3.53,6.95,http://www.sec.gov/cgi-bin/browse-edgar?action=getcompany&CIK=AYI
AZO,AutoZone Inc,Consumer Discretionary,815.02,,20.71,39.36,-63.16,667,815.45,23.82,2.32,2.22,,http://www.sec.gov/cgi-bin/browse-edgar?action=getcompany&CIK=AZO
BA,Boeing Company,Industrials,130.09,3.43,17.58,7.4,6.32,102.1,150.59,82.87,8.78,0.84,20.13,http://www.sec.gov/cgi-bin/browse-edgar?action=getcompany&CIK=BA
BAC,Bank of America Corp,Financials,13.17,1.56,10.35,1.27,23.12,10.99,18.48,138.5,0,1.76,0.56,http://www.sec.gov/cgi-bin/browse-edgar?action=getcompany&CIK=BAC
BAX,Baxter International Inc.,Health Care,46.65,1.14,6.55,7.13,16.36,32.18,46.95,25.76,1.58,2.56,2.82,http://www.sec.gov/cgi-bin/browse-edgar?action=getcompany&CIK=BAX
BBBY,Bed Bath & Beyond,Consumer Discretionary,44.46,1.15,8.87,5.1,16.74,41.15,69.69,6.72,1.64,0.54,2.59,http://www.sec.gov/cgi-bin/browse-edgar?action=getcompany&CIK=BBBY
BBT,BB&T Corporation,Financials,35.22,3.25,13.75,2.56,32.14,29.95,41.9,27.56,0,2.91,1.08,http://www.sec.gov/cgi-bin/browse-edgar?action=getcompany&CIK=BBT
BBY,Best Buy Co. Inc.,Consumer Discretionary,30.95,3.66,10.64,2.56,13.66,25.31,39.1,9.99,2.41,0.25,2.24,http://www.sec.gov/cgi-bin/browse-edgar?action=getcompany&CIK=BBY
BCR,Bard (C.R.) Inc.,Health Care,239,0.44,161.6,1.48,19.91,172.21,239.34,17.52,1.04,5.05,11.94,http://www.sec.gov/cgi-bin/browse-edgar?action=getcompany&CIK=BCR
BDX,Becton Dickinson,Health Care,175.64,1.53,46.95,3.74,36.13,128.87,176.24,37.27,3.18,3,4.79,http://www.sec.gov/cgi-bin/browse-edgar?action=getcompany&CIK=BDX
BEN,Franklin Resources,Financials,33.98,2.21,12.31,2.76,20.08,30.56,49.64,19.88,2.76,2.63,1.62,http://www.sec.gov/cgi-bin/browse-edgar?action=getcompany&CIK=BEN
BF-B,Brown-Forman Corporation,Consumer Staples,98.27,1.6,18.83,3.31,7.9,90.02,111.06,19.35,1.11,6.19,12.29,http://www.sec.gov/cgi-bin/browse-edgar?action=getcompany&CIK=BF-B
BHI,Baker Hughes Inc,Energy,43.69,1.56,,-5.37,34.98,37.58,61.7,19.13,1.39,1.38,1.24,http://www.sec.gov/cgi-bin/browse-edgar?action=getcompany&CIK=BHI
BIIB,BIOGEN IDEC Inc.,Health Care,251.3,,15.44,16.27,47.14,223.02,412.24,55.05,5.88,4.95,5.25,http://www.sec.gov/cgi-bin/browse-edgar?action=getcompany&CIK=BIIB
BK,The Bank of New York Mellon Corp.,Financials,38.49,1.8,13.9,2.77,33.34,32.2,45.45,41.46,0,2.72,1.13,http://www.sec.gov/cgi-bin/browse-edgar?action=getcompany&CIK=BK
BLK,BlackRock,Financials,345.2,2.73,18.29,18.88,171.9,275,369.33,57.02,4.88,4.9,1.95,http://www.sec.gov/cgi-bin/browse-edgar?action=getcompany&CIK=BLK
BLL,Ball Corp,Materials,71.62,0.74,76.68,0.93,7.54,57.95,76.69,10.15,1.07,1.28,9.39,http://www.sec.gov/cgi-bin/browse-edgar?action=getcompany&CIK=BLL
BMY,Bristol-Myers Squibb,Health Care,75.28,2.06,80.86,0.93,8.62,51.82,75.72,125.67,4.98,7.31,8.6,http://www.sec.gov/cgi-bin/browse-edgar?action=getcompany&CIK=BMY
BRK-B,Berkshire Hathaway,Financials,143.65,,14.45,9.94,157329,123.55,148.03,0.23602,45.2,0,0,http://www.sec.gov/cgi-bin/browse-edgar?action=getcompany&CIK=BRK-B
BSX,Boston Scientific,Health Care,23.9,,,-0.03,4.77,14.18,23.97,32.43,1.94,4.23,4.96,http://www.sec.gov/cgi-bin/browse-edgar?action=getcompany&CIK=BSX
BWA,BorgWarner,Consumer Discretionary,30.57,1.77,11.51,2.66,16.97,27.52,54.91,6.65,1.4,0.77,1.73,http://www.sec.gov/cgi-bin/browse-edgar?action=getcompany&CIK=BWA
BXP,Boston Properties,Financials,133.32,1.98,35.18,3.79,36.13,94.91,133.62,20.48,1.55,7.84,3.6,http://www.sec.gov/cgi-bin/browse-edgar?action=getcompany&CIK=BXP
C,Citigroup Inc.,Financials,41.98,0.46,8.39,5,71.47,34.52,60.95,123.21,0,1.81,0.58,http://www.sec.gov/cgi-bin/browse-edgar?action=getcompany&CIK=C
CA,"CA, Inc.",Information Technology,33.77,3.19,18.63,1.81,13.03,25.16,33.8,14.07,1.26,3.43,2.54,http://www.sec.gov/cgi-bin/browse-edgar?action=getcompany&CIK=CA
CAG,ConAgra Foods Inc.,Consumer Staples,48.3,2.11,,-1.56,8.67,37.97,48.81,21.15,1.26,1.79,5.51,http://www.sec.gov/cgi-bin/browse-edgar?action=getcompany&CIK=CAG
CAH,Cardinal Health Inc.,Health Care,80.38,2.26,19.24,4.18,20.59,73.25,91.23,26.19,3.06,0.22,3.86,http://www.sec.gov/cgi-bin/browse-edgar?action=getcompany&CIK=CAH
CAT,Caterpillar Inc.,Industrials,77.37,4.1,40.7,1.9,26.85,56.36,84.89,45.17,6.17,1,2.8,http://www.sec.gov/cgi-bin/browse-edgar?action=getcompany&CIK=CAT
CB,Chubb Limited,Financials,130.24,0,18.02,7.23,98.86,96,131,60.49,3.71,2.79,1.3,http://www.sec.gov/cgi-bin/browse-edgar?action=getcompany&CIK=CB
CBG,CBRE Group,Financials,26.2,,16.49,1.59,8.44,22.74,38.76,8.75,1.1,0.71,2.92,http://www.sec.gov/cgi-bin/browse-edgar?action=getcompany&CIK=CBG
CBS,CBS Corp.,Consumer Discretionary,57.08,1.07,18.31,3.12,12.08,38.51,57.89,25.86,3.22,1.79,4.65,http://www.sec.gov/cgi-bin/browse-edgar?action=getcompany&CIK=CBS
CCI,Crown Castle International Corp.,Financials,102.2,3.92,24.41,4.19,21.41,75.71,102.82,34.15,2.03,9.17,4.74,http://www.sec.gov/cgi-bin/browse-edgar?action=getcompany&CIK=CCI
CCL,Carnival Corp.,Consumer Discretionary,44.52,3.19,15.34,2.9,30.59,40.52,55.77,33.17,4.15,2.05,1.43,http://www.sec.gov/cgi-bin/browse-edgar?action=getcompany&CIK=CCL
CELG,Celgene Corp.,Health Care,105.03,,51.08,2.06,6.55,92.98,140.72,81.36,3.24,8.35,15.94,http://www.sec.gov/cgi-bin/browse-edgar?action=getcompany&CIK=CELG
CERN,Cerner,Health Care,60.62,,36.74,1.65,11.59,49.59,75,20.49,1.25,4.48,5.14,http://www.sec.gov/cgi-bin/browse-edgar?action=getcompany&CIK=CERN
CF,CF Industries Holdings Inc,Materials,24.86,5.11,11.8,2.11,17.34,22.75,70.32,5.79,1.57,1.26,1.36,http://www.sec.gov/cgi-bin/browse-edgar?action=getcompany&CIK=CF
CFG,Citizens Financial Group,Financials,19.85,2.53,12.56,1.58,37.28,18.04,28.18,10.5,0,2.27,0.52,http://www.sec.gov/cgi-bin/browse-edgar?action=getcompany&CIK=CFG
CHD,Church & Dwight,Consumer Staples,101.3,1.4,32.37,3.13,14.98,76.85,107.36,13,0.7934,3.76,6.72,http://www.sec.gov/cgi-bin/browse-edgar?action=getcompany&CIK=CHD
CHK,Chesapeake Energy,Energy,4.24,0,,-33.88,-2.56,1.5,11.69,2.86,1.63,0.25,,http://www.sec.gov/cgi-bin/browse-edgar?action=getcompany&CIK=CHK
CHRW,C. H. Robinson Worldwide,Industrials,74.43,2.37,20.61,3.61,8.33,59.71,76.1,10.63,0.93275,0.79,8.8,http://www.sec.gov/cgi-bin/browse-edgar?action=getcompany&CIK=CHRW
CI,CIGNA Corp.,Health Care,129.6,0.03,16.2,8,49.44,121.87,158,33.24,3.99,0.85,2.57,http://www.sec.gov/cgi-bin/browse-edgar?action=getcompany&CIK=CI
CINF,Cincinnati Financial,Financials,75.7,2.56,18.07,4.19,40.97,49.72,75.77,12.45,1.08,2.36,1.83,http://www.sec.gov/cgi-bin/browse-edgar?action=getcompany&CIK=CINF
CL,Colgate-Palmolive,Consumer Staples,74.25,2.13,48.98,1.52,-0.41,50.84,74.27,66.31,4.34,4.17,,http://www.sec.gov/cgi-bin/browse-edgar?action=getcompany&CIK=CL
CLX,The Clorox Company,Consumer Staples,138.37,2.33,27.04,5.12,2,106,140.47,17.9,1.24,3.11,68.66,http://www.sec.gov/cgi-bin/browse-edgar?action=getcompany&CIK=CLX
CMA,Comerica Inc.,Financials,41.5,2.21,16.89,2.46,43.65,30.48,50.76,7.27,0,2.85,0.93,http://www.sec.gov/cgi-bin/browse-edgar?action=getcompany&CIK=CMA
CMCSA,Comcast A Corp,Consumer Discretionary,67.11,1.77,20.34,3.3,21.69,50,67.18,162.89,25.29,2.13,3.06,http://www.sec.gov/cgi-bin/browse-edgar?action=getcompany&CIK=CMCSA
CME,CME Group Inc.,Financials,98.9,2.45,26.03,3.8,61.8,81.87,100.87,33.49,2.33,9.72,1.59,http://www.sec.gov/cgi-bin/browse-edgar?action=getcompany&CIK=CME
CMG,Chipotle Mexican Grill,Consumer Discretionary,399.71,,38.02,10.51,52.48,384.77,758.61,11.67,0.66491,2.69,7.45,http://www.sec.gov/cgi-bin/browse-edgar?action=getcompany&CIK=CMG
CMI,Cummins Inc.,Industrials,114.7,3.53,15.16,7.57,40.8,79.88,131.28,19.45,2.49,1.01,2.73,http://www.sec.gov/cgi-bin/browse-edgar?action=getcompany&CIK=CMI
CMS,CMS Energy,Utilities,45.51,2.69,25.98,1.75,14.72,31.86,46.25,12.7,1.71,2.06,3.08,http://www.sec.gov/cgi-bin/browse-edgar?action=getcompany&CIK=CMS
CNC,Centene Corporation,Health Care,70.93,,31.98,2.22,31.08,47.36,75.69,12.09,0.957,0.51,2.22,http://www.sec.gov/cgi-bin/browse-edgar?action=getcompany&CIK=CNC
CNP,CenterPoint Energy,Utilities,23.9,4.38,,-1.55,8.14,16.05,24.2,10.29,1.94,1.46,2.89,http://www.sec.gov/cgi-bin/browse-edgar?action=getcompany&CIK=CNP
COF,Capital One Financial,Financials,64.71,2.59,9.38,6.9,91.13,58.03,92.1,33.88,0,1.72,0.68,http://www.sec.gov/cgi-bin/browse-edgar?action=getcompany&CIK=COF
COG,Cabot Oil & Gas,Energy,25.44,0.31,,-0.5,6.33,14.88,30.38,11.83,0.47815,10.43,4.02,http://www.sec.gov/cgi-bin/browse-edgar?action=getcompany&CIK=COG
COH,Coach Inc.,Consumer Discretionary,41.56,3.38,29.64,1.4,9.45,27.22,42.13,11.55,0.9447,2.6,4.29,http://www.sec.gov/cgi-bin/browse-edgar?action=getcompany&CIK=COH
COL,Rockwell Collins,Industrials,84.1,1.6,16.76,5.02,15.21,76.03,95.11,10.95,1.17,2.09,5.44,http://www.sec.gov/cgi-bin/browse-edgar?action=getcompany&CIK=COL
COP,ConocoPhillips,Energy,42.3,4.49,,-4.98,31.56,31.05,59.74,52.38,5.11,1.88,1.32,http://www.sec.gov/cgi-bin/browse-edgar?action=getcompany&CIK=COP
COST,Costco Co.,Consumer Staples,165.44,1.15,31.27,5.22,26.25,117.03,169.73,72.47,4.83,0.61,6.24,http://www.sec.gov/cgi-bin/browse-edgar?action=getcompany&CIK=COST
CPB,Campbell Soup,Consumer Staples,67.1,1.87,30.42,2.21,5.42,45.23,67.89,20.71,1.59,2.59,12.32,http://www.sec.gov/cgi-bin/browse-edgar?action=getcompany&CIK=CPB
CRM,Salesforce.com,Information Technology,80.89,,,-0.02,8.24,52.6,84.48,54.8,0.5223,7.54,9.56,http://www.sec.gov/cgi-bin/browse-edgar?action=getcompany&CIK=CRM
CSCO,Cisco Systems,Information Technology,29.26,3.62,14.49,2.02,12.39,22.46,29.49,147.17,14.43,2.92,2.32,http://www.sec.gov/cgi-bin/browse-edgar?action=getcompany&CIK=CSCO
CSRA,CSRA Inc.,Information Technology,24.01,1.69,45.3,0.53,0.4,20.98,33.44,3.92,0.48777,0.91,60.03,http://www.sec.gov/cgi-bin/browse-edgar?action=getcompany&CIK=CSRA
CSX,CSX Corp.,Industrials,26.53,2.77,13.8,1.92,12.13,21.33,33.1,25.36,4.67,2.17,2.13,http://www.sec.gov/cgi-bin/browse-edgar?action=getcompany&CIK=CSX
CTAS,Cintas Corporation,Industrials,99.63,1.06,16.87,5.91,18.21,78,99.78,10.66,0.91824,2.21,5.42,http://www.sec.gov/cgi-bin/browse-edgar?action=getcompany&CIK=CTAS
CTL,CenturyLink Inc,Telecommunications Services,30.22,7.32,17.98,1.68,25.7,21.94,32.94,16.5,6.8,0.9,1.14,http://www.sec.gov/cgi-bin/browse-edgar?action=getcompany&CIK=CTL
CTSH,Cognizant Technology Solutions,Information Technology,57.93,,21.07,2.75,15.86,51.22,69.8,35.1,2.54,2.71,3.58,http://www.sec.gov/cgi-bin/browse-edgar?action=getcompany&CIK=CTSH
CTXS,Citrix Systems,Information Technology,83.54,,35.46,2.36,13.38,60.91,90,12.96,0.93131,3.75,6.03,http://www.sec.gov/cgi-bin/browse-edgar?action=getcompany&CIK=CTXS
CVS,CVS Health,Consumer Staples,96.74,1.77,21.03,4.6,33.33,81.37,113.65,103.9,12.09,0.64,2.87,http://www.sec.gov/cgi-bin/browse-edgar?action=getcompany&CIK=CVS
CVX,Chevron Corp.,Energy,104.77,4.15,151.62,0.69,79.75,69.58,105,197.46,16.31,1.71,1.29,http://www.sec.gov/cgi-bin/browse-edgar?action=getcompany&CIK=CVX
CXO,Concho Resources,Energy,118.39,,,-7.79,47.25,69.94,130.03,15.43,1.56,9.02,2.45,http://www.sec.gov/cgi-bin/browse-edgar?action=getcompany&CIK=CXO
D,Dominion Resources,Utilities,78.19,3.61,24.66,3.17,21.58,64.54,78.97,48.18,5.28,4.26,3.59,http://www.sec.gov/cgi-bin/browse-edgar?action=getcompany&CIK=D
DAL,Delta Air Lines,Industrials,37.37,1.52,6.26,5.97,14.54,32.6,52.77,28.92,9.13,0.69,2.5,http://www.sec.gov/cgi-bin/browse-edgar?action=getcompany&CIK=DAL
DD,Du Pont (E.I.),Materials,63.69,2.45,26.53,2.4,11.62,47.11,75.72,55.63,4.06,2.19,5.33,http://www.sec.gov/cgi-bin/browse-edgar?action=getcompany&CIK=DD
DE,Deere & Co.,Industrials,80.97,2.87,16.25,4.98,22.8,70.16,97.56,25.45,3.78,0.9,3.48,http://www.sec.gov/cgi-bin/browse-edgar?action=getcompany&CIK=DE
DFS,Discover Financial Services,Financials,54.98,2.12,10.58,5.2,25.97,42.86,59.88,22.66,0,3.03,2.05,http://www.sec.gov/cgi-bin/browse-edgar?action=getcompany&CIK=DFS
DG,Dollar General,Consumer Discretionary,94.32,1.07,22.76,4.14,18.99,59.75,94.68,26.77,2.36,1.28,4.94,http://www.sec.gov/cgi-bin/browse-edgar?action=getcompany&CIK=DG
DGX,Quest Diagnostics,Health Care,82.23,1.97,15.94,5.16,32.88,59.66,82.42,11.63,1.48,1.53,2.47,http://www.sec.gov/cgi-bin/browse-edgar?action=getcompany&CIK=DGX
DHI,D. R. Horton,Consumer Discretionary,33.82,1.09,15.53,2.18,16.85,22.97,33.97,12.54,1.31,1.08,1.95,http://www.sec.gov/cgi-bin/browse-edgar?action=getcompany&CIK=DHI
DHR,Danaher Corp.,Industrials,80.86,0.79,16.02,5.05,35.59,77.34,102.79,55.69,4.91,2.61,2.27,http://www.sec.gov/cgi-bin/browse-edgar?action=getcompany&CIK=DHR
DIS,The Walt Disney Company,Consumer Discretionary,99.62,1.44,18.34,5.43,25.95,86.25,122.08,161.63,16.72,2.91,3.79,http://www.sec.gov/cgi-bin/browse-edgar?action=getcompany&CIK=DIS
DISCA,Discovery Communications-A,Consumer Discretionary,25.62,,15.76,1.63,8.64,23.66,34.94,10.98,2.43,1.7,2.94,http://www.sec.gov/cgi-bin/browse-edgar?action=getcompany&CIK=DISCA
DISCK,Discovery Communications-C,Consumer Discretionary,24.44,,15.03,1.63,8.64,22.43,32.78,10.47,2.43,1.62,2.8,http://www.sec.gov/cgi-bin/browse-edgar?action=getcompany&CIK=DISCK
DLPH,Delphi Automotive,Consumer Discretionary,64.85,1.9,11.03,5.88,8.28,55.59,88.89,17.7,2.54,1.11,7.57,http://www.sec.gov/cgi-bin/browse-edgar?action=getcompany&CIK=DLPH
DLR,Digital Realty Trust,Financials,110.24,3.14,101.23,1.09,21.23,60.66,113.21,16.19,0.93741,8.53,5.14,http://www.sec.gov/cgi-bin/browse-edgar?action=getcompany&CIK=DLR
DLTR,Dollar Tree,Consumer Discretionary,95.08,,49.55,1.92,19.82,60.31,96,22.41,2.01,1.21,4.77,http://www.sec.gov/cgi-bin/browse-edgar?action=getcompany&CIK=DLTR
DNB,Dun & Bradstreet,Industrials,123.82,1.57,28.56,4.34,-30.89,85.99,128.87,4.49,0.4157,2.7,,http://www.sec.gov/cgi-bin/browse-edgar?action=getcompany&CIK=DNB
DO,Diamond Offshore Drilling,Energy,24.5,0,49,0.5,30.58,14.18,26.72,3.36,1.05,1.49,0.79,http://www.sec.gov/cgi-bin/browse-edgar?action=getcompany&CIK=DO
DOV,Dover Corp.,Industrials,70.34,2.44,14.58,4.82,23.84,50.91,72.36,10.91,1.26,1.55,2.88,http://www.sec.gov/cgi-bin/browse-edgar?action=getcompany&CIK=DOV
DOW,Dow Chemical,Materials,49.4,3.82,9.43,5.24,19.24,35.11,57.1,55.47,8.53,1.15,2.51,http://www.sec.gov/cgi-bin/browse-edgar?action=getcompany&CIK=DOW
DPS,Dr Pepper Snapple Group,Consumer Staples,97.13,2.19,23.55,4.12,11.26,72,98.4,18.05,1.56,2.85,8.62,http://www.sec.gov/cgi-bin/browse-edgar?action=getcompany&CIK=DPS
DRI,Darden Restaurants,Consumer Discretionary,62.03,3.6,21.4,2.63,15.44,53.38,75.6,7.84,0.9182,1.13,4.02,http://www.sec.gov/cgi-bin/browse-edgar?action=getcompany&CIK=DRI
DTE,DTE Energy Co.,Utilities,99.14,2.97,25.45,3.89,49.53,74.56,100.45,17.79,2,1.78,1.98,http://www.sec.gov/cgi-bin/browse-edgar?action=getcompany&CIK=DTE
DUK,Duke Energy,Utilities,86.01,3.87,22.46,3.83,57.9,65.5,87.31,59.25,9.13,2.6,1.47,http://www.sec.gov/cgi-bin/browse-edgar?action=getcompany&CIK=DUK
DVA,DaVita Inc.,Health Care,78.07,,35.02,2.23,22.79,61.36,81.89,16.12,2.52,1.13,3.38,http://www.sec.gov/cgi-bin/browse-edgar?action=getcompany&CIK=DVA
DVN,Devon Energy Corp.,Energy,37.58,0.65,,-32.82,12.23,18.07,56.47,19.69,2.8,1.64,3.01,http://www.sec.gov/cgi-bin/browse-edgar?action=getcompany&CIK=DVN
EA,Electronic Arts,Information Technology,78.26,,22.36,3.5,11.3,53.01,78.5,23.6,1.08,5.26,6.78,http://www.sec.gov/cgi-bin/browse-edgar?action=getcompany&CIK=EA
EBAY,eBay Inc.,Information Technology,24.61,,18.8,1.31,5.53,21.52,29.83,28.27,2.98,3.17,4.33,http://www.sec.gov/cgi-bin/browse-edgar?action=getcompany&CIK=EBAY
ECL,Ecolab Inc.,Materials,119.2,1.19,35.89,3.32,22.44,98.62,122.48,34.96,2.89,2.58,5.24,http://www.sec.gov/cgi-bin/browse-edgar?action=getcompany&CIK=ECL
ED,Consolidated Edison,Utilities,80.38,3.29,20.93,3.84,44.87,60.08,81.88,23.63,3.49,1.94,1.78,http://www.sec.gov/cgi-bin/browse-edgar?action=getcompany&CIK=ED
EFX,Equifax Inc.,Financials,132.24,1.01,36.02,3.67,20.9,90.94,132.67,15.74,0.9224,5.66,6.24,http://www.sec.gov/cgi-bin/browse-edgar?action=getcompany&CIK=EFX
EIX,Edison Int'l,Utilities,78.17,2.49,25.94,3.01,35.11,56.68,78.72,25.47,3.67,2.19,2.19,http://www.sec.gov/cgi-bin/browse-edgar?action=getcompany&CIK=EIX
EL,Estee Lauder Cos.,Consumer Staples,93.01,1.31,29.99,3.1,10.32,73.67,97.48,34.34,2.11,3.03,8.87,http://www.sec.gov/cgi-bin/browse-edgar?action=getcompany&CIK=EL
EMC,EMC Corp.,Information Technology,27.51,1.68,26.76,1.03,11.05,22.66,28.77,53.73,4.79,2.17,2.47,http://www.sec.gov/cgi-bin/browse-edgar?action=getcompany&CIK=EMC
EMN,Eastman Chemical,Materials,68.52,2.75,11.04,6.21,28.44,56.03,80.39,10.13,2.26,1.05,2.36,http://www.sec.gov/cgi-bin/browse-edgar?action=getcompany&CIK=EMN
EMR,Emerson Electric Company,Industrials,53.44,3.63,18.3,2.92,11.96,41.25,56.82,34.38,4,1.61,4.38,http://www.sec.gov/cgi-bin/browse-edgar?action=getcompany&CIK=EMR
ENDP,Endo International,Health Care,17.42,,,-7.39,26.61,12.56,88.54,3.88,0.57554,1.09,0.65,http://www.sec.gov/cgi-bin/browse-edgar?action=getcompany&CIK=ENDP
EOG,EOG Resources,Energy,82.54,0.82,,-8.84,22.55,57.15,89.52,45.42,2.8,5.75,3.62,http://www.sec.gov/cgi-bin/browse-edgar?action=getcompany&CIK=EOG
EQIX,Equinix,Information Technology,389.45,1.81,298.66,1.3,69.41,250.86,390.74,27.04,1.21,9.08,5.51,http://www.sec.gov/cgi-bin/browse-edgar?action=getcompany&CIK=EQIX
EQR,Equity Residential,Financials,70.5,2.91,6.05,11.66,30.17,61.9,82.39,25.77,1.75,9.39,2.3,http://www.sec.gov/cgi-bin/browse-edgar?action=getcompany&CIK=EQR
EQT,EQT Corporation,Energy,77.68,0.16,,-0.54,34.19,47.1,80.61,12.47,1.38,7.18,2.25,http://www.sec.gov/cgi-bin/browse-edgar?action=getcompany&CIK=EQT
ES,Eversource Energy,Utilities,59.57,3,21.82,2.73,32.91,45.14,60.44,18.9,2.44,2.51,1.8,http://www.sec.gov/cgi-bin/browse-edgar?action=getcompany&CIK=ES
ESRX,Express Scripts,Health Care,77.92,,20.51,3.8,23.46,65.55,94.61,49.29,6.79,0.48,3.26,http://www.sec.gov/cgi-bin/browse-edgar?action=getcompany&CIK=ESRX
ESS,Essex Property Trust Inc,Financials,231.33,2.8,61.49,3.76,93.88,191.25,244.71,15.14,0.83871,11.97,2.44,http://www.sec.gov/cgi-bin/browse-edgar?action=getcompany&CIK=ESS
ETFC,E*Trade,Financials,23.59,,18.23,1.29,20.52,19.61,30.98,6.59,0,3.39,1.12,http://www.sec.gov/cgi-bin/browse-edgar?action=getcompany&CIK=ETFC
ETN,Eaton Corporation,Industrials,61.92,3.84,15.02,4.12,33.88,46.19,66.61,28.36,3.3,1.35,1.77,http://www.sec.gov/cgi-bin/browse-edgar?action=getcompany&CIK=ETN
ETR,Entergy Corp.,Utilities,80.88,4.22,,-1.38,52.38,61.27,82.09,14.46,3.41,1.28,1.54,http://www.sec.gov/cgi-bin/browse-edgar?action=getcompany&CIK=ETR
EW,Edwards Lifesciences,Health Care,104.72,,44.58,2.35,10.85,62.53,112,22.18,0.7467,8.45,9.56,http://www.sec.gov/cgi-bin/browse-edgar?action=getcompany&CIK=EW
EXC,Exelon Corp.,Utilities,36.11,3.56,18.72,1.93,27.89,25.09,36.68,33.29,7.61,1.17,1.28,http://www.sec.gov/cgi-bin/browse-edgar?action=getcompany&CIK=EXC
EXPD,Expeditors Int'l,Industrials,49.92,1.62,20.95,2.38,9.8,40.41,51.8,9.09,0.75024,1.41,5.03,http://www.sec.gov/cgi-bin/browse-edgar?action=getcompany&CIK=EXPD
EXPE,Expedia Inc.,Consumer Discretionary,109.43,0.89,25.47,4.3,30.92,88.4,140.51,16.32,0.80018,2.23,3.48,http://www.sec.gov/cgi-bin/browse-edgar?action=getcompany&CIK=EXPE
EXR,Extra Space Storage,Financials,93.25,3.39,52.62,1.77,17.13,69.1,94.81,11.68,0.47531,13.54,5.37,http://www.sec.gov/cgi-bin/browse-edgar?action=getcompany&CIK=EXR
F,Ford Motor,Consumer Discretionary,13.09,4.71,6.06,2.16,7.45,10.44,15.84,52,17.6,0.33,1.71,http://www.sec.gov/cgi-bin/browse-edgar?action=getcompany&CIK=F
FAST,Fastenal Co,Industrials,45.23,2.68,25.45,1.78,6.31,34.45,49.99,13.07,0.91543,3.31,7.09,http://www.sec.gov/cgi-bin/browse-edgar?action=getcompany&CIK=FAST
FB,Facebook,Information Technology,117.24,,71.71,1.63,16.54,72,121.08,335.34,9.43,16.76,7,http://www.sec.gov/cgi-bin/browse-edgar?action=getcompany&CIK=FB
FBHS,Fortune Brands Home & Security,Industrials,60.21,1.09,29.47,2.04,14.14,41.17,60.32,9.23,0.6849,1.9,4.16,http://www.sec.gov/cgi-bin/browse-edgar?action=getcompany&CIK=FBHS
FCX,Freeport-McMoran Cp & Gld,Materials,11.2,0,,-12.3,2.95,3.52,17.21,14.02,3.1,0.88,3.62,http://www.sec.gov/cgi-bin/browse-edgar?action=getcompany&CIK=FCX
FDX,FedEx Corporation,Industrials,156.22,0.75,24,6.51,53.38,119.71,173,41.93,7.53,0.81,2.86,http://www.sec.gov/cgi-bin/browse-edgar?action=getcompany&CIK=FDX
FE,FirstEnergy Corp,Utilities,36.02,4.08,22.34,1.61,29.34,28.89,36.54,15.3,4.08,1.03,1.2,http://www.sec.gov/cgi-bin/browse-edgar?action=getcompany&CIK=FE
FFIV,F5 Networks,Information Technology,117.13,,23.16,5.06,17.63,86.03,135.2,7.85,0.58614,3.89,6.45,http://www.sec.gov/cgi-bin/browse-edgar?action=getcompany&CIK=FFIV
FIS,Fidelity National Information Services,Information Technology,76.03,1.39,39.54,1.92,28.9,55.11,76.18,24.82,1.75,3.38,2.59,http://www.sec.gov/cgi-bin/browse-edgar?action=getcompany&CIK=FIS
FISV,Fiserv Inc,Information Technology,109.69,,31.2,3.52,12.04,77.96,109.93,24.39,1.64,4.54,9.01,http://www.sec.gov/cgi-bin/browse-edgar?action=getcompany&CIK=FISV
FITB,Fifth Third Bancorp,Financials,17.25,3.07,8.65,2,19.46,13.84,21.93,13.24,0,2.12,0.87,http://www.sec.gov/cgi-bin/browse-edgar?action=getcompany&CIK=FITB
FL,Foot Locker Inc,Consumer Discretionary,57.41,1.99,14.62,3.93,19.67,50.9,77.25,7.77,1.1,1,2.81,http://www.sec.gov/cgi-bin/browse-edgar?action=getcompany&CIK=FL
FLIR,FLIR Systems,Industrials,31.8,1.53,22.8,1.39,12.12,25.12,34.09,4.38,0.34943,2.72,2.59,http://www.sec.gov/cgi-bin/browse-edgar?action=getcompany&CIK=FLIR
FLR,Fluor Corp.,Industrials,51.57,1.68,19.98,2.58,22.18,39.48,55.69,7.18,1.08,0.39,2.26,http://www.sec.gov/cgi-bin/browse-edgar?action=getcompany&CIK=FLR
FLS,Flowserve Corporation,Industrials,45.79,1.69,21.8,2.1,13.29,33.86,52.5,5.97,0.72875,1.3,3.38,http://www.sec.gov/cgi-bin/browse-edgar?action=getcompany&CIK=FLS
FMC,FMC Corporation,Materials,46.48,1.47,10.65,4.37,14.66,32.24,50.95,6.22,0.6501,1.75,3.06,http://www.sec.gov/cgi-bin/browse-edgar?action=getcompany&CIK=FMC
FOX,Twenty-First Century Fox Class B,Consumer Discretionary,28,1.1,24.56,1.14,7.6,22.65,33.66,53.04,6.35,1.92,3.59,http://www.sec.gov/cgi-bin/browse-edgar?action=getcompany&CIK=FOX
FOXA,Twenty-First Century Fox Class A,Consumer Discretionary,27.7,1.11,24.3,1.14,7.6,22.66,34.7,52.47,6.35,1.9,3.54,http://www.sec.gov/cgi-bin/browse-edgar?action=getcompany&CIK=FOXA
FRT,Federal Realty Investment Trust,Financials,167.81,2.26,48.47,3.46,26.04,124.87,168.76,11.9,0.4845,15.54,6.39,http://www.sec.gov/cgi-bin/browse-edgar?action=getcompany&CIK=FRT
FSLR,First Solar Inc,Information Technology,45.6,,6,7.6,56.14,40.25,74.29,4.66,1,1.15,0.79,http://www.sec.gov/cgi-bin/browse-edgar?action=getcompany&CIK=FSLR
FTI,FMC Technologies Inc.,Energy,26.36,,22.82,1.15,11.51,22.3,37.9,5.97,0.8066,0.99,2.24,http://www.sec.gov/cgi-bin/browse-edgar?action=getcompany&CIK=FTI
FTR,Frontier Communications,Telecommunications Services,4.97,8.55,,-0.45,4.48,3.81,5.85,5.83,2.25,1.04,1.1,http://www.sec.gov/cgi-bin/browse-edgar?action=getcompany&CIK=FTR
FTV,Fortive Corp,Industrials,50.2,,,,0,47.53,50.61,,0,,,http://www.sec.gov/cgi-bin/browse-edgar?action=getcompany&CIK=FTV
GD,General Dynamics,Industrials,140.48,2.17,15.2,9.24,34.37,121.61,153.76,43.26,4.68,1.36,4.04,http://www.sec.gov/cgi-bin/browse-edgar?action=getcompany&CIK=GD
GE,General Electric,Industrials,32.2,2.89,43.63,0.74,9.9,19.37,32.27,296.1,15.39,2.49,3.21,http://www.sec.gov/cgi-bin/browse-edgar?action=getcompany&CIK=GE
GGP,General Growth Properties Inc.,Financials,30.98,2.53,31.97,0.97,9.08,24.22,30.98,27.35,1.78,10.29,3.31,http://www.sec.gov/cgi-bin/browse-edgar?action=getcompany&CIK=GGP
GILD,Gilead Sciences,Health Care,86.55,2.2,7.39,11.71,9.94,77.92,120.37,115.27,22.9,3.47,8.6,http://www.sec.gov/cgi-bin/browse-edgar?action=getcompany&CIK=GILD
GIS,General Mills,Consumer Staples,72.46,2.67,26.16,2.77,8.26,47.5,72.95,43.26,3.38,2.6,8.72,http://www.sec.gov/cgi-bin/browse-edgar?action=getcompany&CIK=GIS
GLW,Corning Inc.,Industrials,20.91,2.81,52.8,0.4,14.53,15.42,21.3,22.49,2.33,2.47,1.41,http://www.sec.gov/cgi-bin/browse-edgar?action=getcompany&CIK=GLW
GM,General Motors,Consumer Discretionary,29.66,5.29,4.47,6.63,27.29,24.62,36.88,45.67,15.49,0.29,1.05,http://www.sec.gov/cgi-bin/browse-edgar?action=getcompany&CIK=GM
GOOG,Alphabet Inc Class C,Information Technology,705.63,,28.71,24.58,179.92,532.4,789.87,484.45,25.51,6.12,3.86,http://www.sec.gov/cgi-bin/browse-edgar?action=getcompany&CIK=GOOG
GOOGL,Alphabet Inc Class A,Information Technology,717.78,,29.21,24.58,179.92,558.7,810.35,492.8,25.51,6.23,3.93,http://www.sec.gov/cgi-bin/browse-edgar?action=getcompany&CIK=GOOGL
GPC,Genuine Parts,Consumer Discretionary,104.97,2.79,22.66,4.63,21.6,76.5,105.02,15.71,1.26,1.01,4.77,http://www.sec.gov/cgi-bin/browse-edgar?action=getcompany&CIK=GPC
GPN,Global Payments Inc,Information Technology,73.54,0.06,32.14,2.29,6.5,50.69,78.92,9.51,0.62981,3.25,11.05,http://www.sec.gov/cgi-bin/browse-edgar?action=getcompany&CIK=GPN
GPS,Gap (The),Consumer Discretionary,22.7,4.22,11.38,1.99,6.34,17,38.2,9.03,2.06,0.55,3.41,http://www.sec.gov/cgi-bin/browse-edgar?action=getcompany&CIK=GPS
GRMN,Garmin Ltd.,Consumer Discretionary,43.37,4.79,17.33,2.5,18.17,30.93,46.72,8.21,0.62138,2.82,2.34,http://www.sec.gov/cgi-bin/browse-edgar?action=getcompany&CIK=GRMN
GS,Goldman Sachs Group,Financials,150.38,1.77,17.01,8.84,173,138.2,214.61,65.75,0,2.18,0.85,http://www.sec.gov/cgi-bin/browse-edgar?action=getcompany&CIK=GS
GT,Goodyear Tire & Rubber,Consumer Discretionary,26.53,1,27.1,0.98,15.43,24.31,35.3,7.06,2.36,0.42,1.66,http://www.sec.gov/cgi-bin/browse-edgar?action=getcompany&CIK=GT
GWW,Grainger (W.W.) Inc.,Industrials,230.47,2.16,20.09,11.47,36.97,176.85,240,14.13,1.51,1.38,6.1,http://www.sec.gov/cgi-bin/browse-edgar?action=getcompany&CIK=GWW
HAL,Halliburton Co.,Energy,45.03,1.65,,-2.86,15.17,27.64,46.69,38.69,3.45,1.8,2.87,http://www.sec.gov/cgi-bin/browse-edgar?action=getcompany&CIK=HAL
HAR,Harman Int'l Industries,Consumer Discretionary,73.75,1.99,14.76,5,34.93,64.93,119.19,5.2,0.8185,0.75,2.04,http://www.sec.gov/cgi-bin/browse-edgar?action=getcompany&CIK=HAR
HAS,Hasbro Inc.,Consumer Discretionary,84.71,2.45,22.67,3.74,12.87,60.38,88.53,10.56,0.87843,2.27,6.46,http://www.sec.gov/cgi-bin/browse-edgar?action=getcompany&CIK=HAS
HBAN,Huntington Bancshares,Financials,8.72,3.26,10.63,0.82,8.01,7.83,11.9,6.95,0,2.33,1.07,http://www.sec.gov/cgi-bin/browse-edgar?action=getcompany&CIK=HBAN
HBI,Hanesbrands Inc,Consumer Discretionary,26.27,1.72,22.94,1.14,2.52,23.25,34.67,9.92,0.99239,1.68,10.11,http://www.sec.gov/cgi-bin/browse-edgar?action=getcompany&CIK=HBI
HCA,HCA Holdings,Health Care,78.21,0,14.74,5.31,-19.19,43.91,95.49,30.58,7.92,0.75,,http://www.sec.gov/cgi-bin/browse-edgar?action=getcompany&CIK=HCA
HCN,Welltower Inc.,Financials,75.62,4.5,34.4,2.2,37.88,52.8,77.18,27,2.01,6.82,1.98,http://www.sec.gov/cgi-bin/browse-edgar?action=getcompany&CIK=HCN
HCP,HCP Inc.,Financials,35.94,6.59,,-0.44,19.77,25.11,40.9,16.79,1.8,6.33,1.76,http://www.sec.gov/cgi-bin/browse-edgar?action=getcompany&CIK=HCP
HD,Home Depot,Consumer Discretionary,134.34,2.1,23.6,5.69,5.09,92.17,137.82,167.12,14.09,1.81,25.78,http://www.sec.gov/cgi-bin/browse-edgar?action=getcompany&CIK=HD
HES,Hess Corporation,Energy,56.81,1.77,,-11.07,68.7,32.41,65.36,17.03,1.76,2.89,0.82,http://www.sec.gov/cgi-bin/browse-edgar?action=getcompany&CIK=HES
HIG,Hartford Financial Svc.Gp.,Financials,43.58,1.97,11.9,3.66,45.78,36.54,50.95,17.14,2.4,0.93,0.93,http://www.sec.gov/cgi-bin/browse-edgar?action=getcompany&CIK=HIG
HOG,Harley-Davidson,Consumer Discretionary,48.73,2.93,13.08,3.73,10.32,36.36,60.67,8.94,1.34,1.44,4.63,http://www.sec.gov/cgi-bin/browse-edgar?action=getcompany&CIK=HOG
HOLX,Hologic,Health Care,35.93,,50.68,0.71,7.31,31.84,43,10.02,1,3.59,4.86,http://www.sec.gov/cgi-bin/browse-edgar?action=getcompany&CIK=HOLX
HON,Honeywell Int'l Inc.,Industrials,118.84,2.05,19.29,6.16,23.88,87,118.99,90.57,7.82,2.28,4.86,http://www.sec.gov/cgi-bin/browse-edgar?action=getcompany&CIK=HON
HOT,Starwood Hotels & Resorts,Consumer Discretionary,76.7,2,27.07,2.83,7.93,56.87,86.96,13,1.06,4.28,9.53,http://www.sec.gov/cgi-bin/browse-edgar?action=getcompany&CIK=HOT
HP,Helmerich & Payne,Energy,66.45,4.74,71.07,0.94,44.26,40.02,69.2,7.18,0.82378,3.28,1.47,http://www.sec.gov/cgi-bin/browse-edgar?action=getcompany&CIK=HP
HPE,Hewlett Packard Enterprise,Information Technology,19.04,1.19,15.59,1.22,18.35,11.62,19.85,31.64,7.49,0.59,1.01,http://www.sec.gov/cgi-bin/browse-edgar?action=getcompany&CIK=HPE
HPQ,HP Inc.,Information Technology,13.08,3.86,6.87,1.9,-2.8,8.91,14.82,22.37,10.09,0.22,,http://www.sec.gov/cgi-bin/browse-edgar?action=getcompany&CIK=HPQ
HRB,Block H&R,Financials,23.59,3.76,15.8,1.49,0.1,19.18,37.53,5.2,0.80679,1.71,223.81,http://www.sec.gov/cgi-bin/browse-edgar?action=getcompany&CIK=HRB
HRL,Hormel Foods Corp.,Consumer Staples,36.61,1.58,25.25,1.45,8.12,28.44,45.72,19.4,1.33,2.1,4.48,http://www.sec.gov/cgi-bin/browse-edgar?action=getcompany&CIK=HRL
HRS,Harris Corporation,Information Technology,84.2,2.43,95.46,0.88,27.04,70.1,89.78,10.5,1.56,1.45,3.04,http://www.sec.gov/cgi-bin/browse-edgar?action=getcompany&CIK=HRS
HSIC,Henry Schein,Health Care,180.72,,30.93,5.84,35.51,126.17,180.98,14.83,0.94387,1.34,5.01,http://www.sec.gov/cgi-bin/browse-edgar?action=getcompany&CIK=HSIC
HST,Host Hotels & Resorts,Financials,16.76,4.88,19.72,0.85,9.41,12.17,21.4,12.52,1.41,2.25,1.74,http://www.sec.gov/cgi-bin/browse-edgar?action=getcompany&CIK=HST
HSY,The Hershey Company,Consumer Staples,110.7,2.12,48.81,2.27,3.88,82.41,117.79,23.62,1.67,3.23,28.34,http://www.sec.gov/cgi-bin/browse-edgar?action=getcompany&CIK=HSY
HUM,Humana Inc.,Health Care,158.15,0.64,22.05,7.17,70.62,155.24,192.49,23.57,2.37,0.45,2.3,http://www.sec.gov/cgi-bin/browse-edgar?action=getcompany&CIK=HUM
IBM,International Bus. Machines,Information Technology,154.46,3.67,11.71,13.19,15.55,116.9,173.78,148.28,19,1.81,9.82,http://www.sec.gov/cgi-bin/browse-edgar?action=getcompany&CIK=IBM
ICE,Intercontinental Exchange,Financials,256.89,1.34,21.99,11.68,126.45,220.28,271.95,29.55,2.31,8.02,2.01,http://www.sec.gov/cgi-bin/browse-edgar?action=getcompany&CIK=ICE
IFF,Intl Flavors & Fragrances,Materials,129.53,1.76,25.61,5.06,20.44,97.24,131.3,10.33,0.70159,3.35,6.24,http://www.sec.gov/cgi-bin/browse-edgar?action=getcompany&CIK=IFF
ILMN,Illumina Inc,Health Care,141.25,,50.79,2.78,13.53,127.1,242.37,20.79,0.70953,9.15,10.35,http://www.sec.gov/cgi-bin/browse-edgar?action=getcompany&CIK=ILMN
INTC,Intel Corp.,Information Technology,34,3.13,14.52,2.34,12.97,24.87,35.59,160.55,23.06,2.79,2.56,http://www.sec.gov/cgi-bin/browse-edgar?action=getcompany&CIK=INTC
INTU,Intuit Inc.,Information Technology,115.48,1.16,30.17,3.83,4.87,79.63,116.03,29.55,1.41,6.31,23.47,http://www.sec.gov/cgi-bin/browse-edgar?action=getcompany&CIK=INTU
IP,International Paper,Materials,42.75,4.19,18.64,2.29,10.3,32.5,49.49,17.58,3.55,0.78,4.07,http://www.sec.gov/cgi-bin/browse-edgar?action=getcompany&CIK=IP
IPG,Interpublic Group,Consumer Discretionary,23.73,2.52,21.48,1.11,4.82,18.16,24.82,9.55,1.04,1.22,4.83,http://www.sec.gov/cgi-bin/browse-edgar?action=getcompany&CIK=IPG
IR,Ingersoll-Rand PLC,Industrials,65.74,1.98,22.87,2.87,22.51,47.08,69.28,16.93,1.86,1.25,2.87,http://www.sec.gov/cgi-bin/browse-edgar?action=getcompany&CIK=IR
IRM,Iron Mountain Incorporated,Industrials,39.85,5.1,58.01,0.69,2.34,23.64,40.61,8.45,0.9045,2.77,16.76,http://www.sec.gov/cgi-bin/browse-edgar?action=getcompany&CIK=IRM
ISRG,Intuitive Surgical Inc.,Health Care,678.84,,41.16,16.49,124.68,447,680.5,25.84,0.8855,10.56,5.42,http://www.sec.gov/cgi-bin/browse-edgar?action=getcompany&CIK=ISRG
ITW,Illinois Tool Works,Industrials,108.36,2.08,20.79,5.21,14.52,78.79,109.54,38.94,3.37,2.85,7.29,http://www.sec.gov/cgi-bin/browse-edgar?action=getcompany&CIK=ITW
IVZ,Invesco Ltd.,Financials,25.63,4.45,12.55,2.04,18.94,23.02,39.48,10.69,1.43,2.11,1.33,http://www.sec.gov/cgi-bin/browse-edgar?action=getcompany&CIK=IVZ
JBHT,J. B. Hunt Transport Services,Industrials,85,1.08,22.59,3.76,11.42,63.58,89.43,9.58,1.07,1.48,7.22,http://www.sec.gov/cgi-bin/browse-edgar?action=getcompany&CIK=JBHT
JCI,Johnson Controls,Consumer Discretionary,43.84,2.72,63.81,0.69,15.4,33.62,49.67,28.42,3.27,0.76,2.78,http://www.sec.gov/cgi-bin/browse-edgar?action=getcompany&CIK=JCI
JEC,Jacobs Engineering Group,Industrials,51.25,,27.09,1.89,35.83,34.76,53.33,6.25,0.68514,0.52,1.39,http://www.sec.gov/cgi-bin/browse-edgar?action=getcompany&CIK=JEC
JNJ,Johnson & Johnson,Health Care,122.85,2.61,22.39,5.49,26.4,81.79,123.23,337.92,22.24,4.8,4.64,http://www.sec.gov/cgi-bin/browse-edgar?action=getcompany&CIK=JNJ
JNPR,Juniper Networks,Information Technology,22.66,1.82,13.79,1.64,12.01,21.18,32.39,8.7,1.09,1.72,1.83,http://www.sec.gov/cgi-bin/browse-edgar?action=getcompany&CIK=JNPR
JPM,JPMorgan Chase & Co.,Financials,61.83,2.85,10.48,5.9,61.29,50.07,70.61,226.06,0,2.52,0.99,http://www.sec.gov/cgi-bin/browse-edgar?action=getcompany&CIK=JPM
JWN,Nordstrom,Consumer Discretionary,40.32,3.86,14.48,2.78,5.05,35.01,80.23,6.99,1.61,0.47,7.76,http://www.sec.gov/cgi-bin/browse-edgar?action=getcompany&CIK=JWN
K,Kellogg Co.,Consumer Staples,82.64,2.42,52.67,1.57,5.8,63.52,83.19,28.93,2.05,2.15,14.18,http://www.sec.gov/cgi-bin/browse-edgar?action=getcompany&CIK=K
KEY,KeyCorp,Financials,11.09,2.52,11.01,1.01,12.79,9.88,15.46,9.34,0,2.28,0.86,http://www.sec.gov/cgi-bin/browse-edgar?action=getcompany&CIK=KEY
KHC,Kraft Heinz Co,Consumer Staples,89.85,2.56,168.26,0.53,47.75,61.42,90.26,109.25,6.35,4.84,1.87,http://www.sec.gov/cgi-bin/browse-edgar?action=getcompany&CIK=KHC
KIM,Kimco Realty,Financials,31.54,3.27,19.7,1.6,12.39,22.07,31.8,13.24,0.72633,11.08,2.52,http://www.sec.gov/cgi-bin/browse-edgar?action=getcompany&CIK=KIM
KLAC,KLA-Tencor Corp.,Information Technology,73.75,2.88,20.21,3.65,3.06,44.95,75.17,11.48,0.92899,3.99,23.6,http://www.sec.gov/cgi-bin/browse-edgar?action=getcompany&CIK=KLAC
KMB,Kimberly-Clark,Consumer Staples,135.96,2.69,45.44,2.99,0.3,103.04,138.87,48.96,3.94,2.63,442.97,http://www.sec.gov/cgi-bin/browse-edgar?action=getcompany&CIK=KMB
KMI,Kinder Morgan,Energy,18.54,2.9,713.08,0.03,15.78,11.2,38.58,41.37,6.75,2.93,1.17,http://www.sec.gov/cgi-bin/browse-edgar?action=getcompany&CIK=KMI
KMX,Carmax Inc,Consumer Discretionary,52.67,,17.21,3.06,15.44,41.25,68.99,10.08,1.19,0.63,3.27,http://www.sec.gov/cgi-bin/browse-edgar?action=getcompany&CIK=KMX
KO,The Coca Cola Company,Consumer Staples,45.38,3.1,27.32,1.66,5.75,36.56,47.13,196.32,12.11,4.45,7.84,http://www.sec.gov/cgi-bin/browse-edgar?action=getcompany&CIK=KO
KORS,Michael Kors Holdings,Consumer Discretionary,50.23,,11.31,4.44,11.34,34.83,59.49,8.84,1.37,1.83,4.33,http://www.sec.gov/cgi-bin/browse-edgar?action=getcompany&CIK=KORS
KR,Kroger Co.,Consumer Staples,37.86,1.29,17.72,2.14,6.81,27.32,42.75,35.93,5.93,0.32,5.48,http://www.sec.gov/cgi-bin/browse-edgar?action=getcompany&CIK=KR
KSS,Kohl's Corp.,Consumer Discretionary,39.29,5.23,13.27,2.96,28.63,33.87,64.93,7.22,2.38,0.37,1.34,http://www.sec.gov/cgi-bin/browse-edgar?action=getcompany&CIK=KSS
KSU,Kansas City Southern,Industrials,90.2,1.51,20.12,4.48,36.45,62.2,101.24,9.74,1.1,3.98,2.41,http://www.sec.gov/cgi-bin/browse-edgar?action=getcompany&CIK=KSU
L,Loews Corp.,Financials,40.78,0.62,57.03,0.71,52.6,33.84,41.25,13.83,2.31,1.04,0.76,http://www.sec.gov/cgi-bin/browse-edgar?action=getcompany&CIK=L
LB,L Brands Inc.,Consumer Discretionary,69.18,3.51,17.71,3.91,-3.77,60,101.11,19.89,2.65,1.58,,http://www.sec.gov/cgi-bin/browse-edgar?action=getcompany&CIK=LB
LEG,Leggett & Platt,Industrials,52.03,2.66,21.56,2.41,8.03,36.64,52.03,6.99,0.5966,1.77,6.37,http://www.sec.gov/cgi-bin/browse-edgar?action=getcompany&CIK=LEG
LEN,Lennar Corp.,Consumer Discretionary,49.16,0.34,13.12,3.75,27.92,37.14,56.04,10.77,1.25,1.02,1.7,http://www.sec.gov/cgi-bin/browse-edgar?action=getcompany&CIK=LEN
LH,Laboratory Corp. of America Holding,Health Care,135.3,0,23.47,5.76,50.6,97.79,135.63,13.85,1.74,1.5,2.61,http://www.sec.gov/cgi-bin/browse-edgar?action=getcompany&CIK=LH
LKQ,LKQ Corporation,Consumer Discretionary,33.09,,23.98,1.38,10.55,23.95,34.26,10.15,0.8629,1.34,3.03,http://www.sec.gov/cgi-bin/browse-edgar?action=getcompany&CIK=LKQ
LLL,L-3 Communications Holdings,Industrials,149.72,1.91,,-1.48,56.61,101.11,150.77,11.52,1.16,1.09,2.59,http://www.sec.gov/cgi-bin/browse-edgar?action=getcompany&CIK=LLL
LLTC,Linear Technology Corp.,Information Technology,47.31,2.77,23.42,2.02,7.04,36.41,47.89,11.31,0.6908,7.72,6.56,http://www.sec.gov/cgi-bin/browse-edgar?action=getcompany&CIK=LLTC
LLY,Lilly (Eli) & Co.,Health Care,79.66,2.55,36.71,2.17,14.16,67.88,92.85,84.43,5.1,4.17,5.6,http://www.sec.gov/cgi-bin/browse-edgar?action=getcompany&CIK=LLY
LM,Legg Mason,Financials,29.81,3.05,,-0.25,39.38,24.93,52.57,3.14,0.49247,1.14,0.73,http://www.sec.gov/cgi-bin/browse-edgar?action=getcompany&CIK=LM
LMT,Lockheed Martin Corp.,Industrials,251.9,2.64,22.28,11.31,10.44,181.91,252.3,76.69,6.41,1.59,23.94,http://www.sec.gov/cgi-bin/browse-edgar?action=getcompany&CIK=LMT
LNC,Lincoln National,Financials,38.88,2.67,9.28,4.19,61.33,30.39,59.51,9.29,1.51,0.67,0.61,http://www.sec.gov/cgi-bin/browse-edgar?action=getcompany&CIK=LNC
LNT,Alliant Energy Corp,Utilities,40.55,3.18,24.3,3.34,16.58,27.14,40.99,9.21,0.994,2.83,2.4,http://www.sec.gov/cgi-bin/browse-edgar?action=getcompany&CIK=LNT
LOW,Lowe's Cos.,Consumer Discretionary,82.34,1.74,27.42,3,8.07,62.62,82.42,72.96,6.95,1.19,9.98,http://www.sec.gov/cgi-bin/browse-edgar?action=getcompany&CIK=LOW
LRCX,Lam Research,Information Technology,84.88,1.46,18.89,4.49,35.73,61.2,87.19,13.55,1.36,2.25,2.3,http://www.sec.gov/cgi-bin/browse-edgar?action=getcompany&CIK=LRCX
LUK,Leucadia National Corp.,Financials,17.46,1.46,,-0.87,27.85,14.27,25.39,6.33,0.49486,0.59,0.62,http://www.sec.gov/cgi-bin/browse-edgar?action=getcompany&CIK=LUK
LUV,Southwest Airlines,Industrials,40.54,1.02,11.94,3.4,11.74,32.94,51.34,25.89,5.41,1.27,3.4,http://www.sec.gov/cgi-bin/browse-edgar?action=getcompany&CIK=LUV
LVLT,Level 3 Communications,Telecommunications Services,52.73,,5.54,9.52,28.97,40.86,56.11,18.87,2.62,2.23,1.77,http://www.sec.gov/cgi-bin/browse-edgar?action=getcompany&CIK=LVLT
LYB,LyondellBasell,Materials,76.74,4.56,8.04,9.55,14.82,69.1,101.49,32.75,6.89,1.02,5.03,http://www.sec.gov/cgi-bin/browse-edgar?action=getcompany&CIK=LYB
M,Macy's Inc.,Consumer Discretionary,34.36,4.49,11.23,3.06,13.45,29.94,73.61,10.6,3.26,0.39,2.5,http://www.sec.gov/cgi-bin/browse-edgar?action=getcompany&CIK=M
MA,Mastercard Inc.,Information Technology,88.56,0.87,26.68,3.32,4.97,74.61,101.76,97.33,5.59,9.76,17.66,http://www.sec.gov/cgi-bin/browse-edgar?action=getcompany&CIK=MA
MAC,Macerich,Financials,87.49,3.59,15.5,5.64,31.23,71.82,87.54,12.99,0.76304,10.17,2.75,http://www.sec.gov/cgi-bin/browse-edgar?action=getcompany&CIK=MAC
MAR,Marriott Int'l.,Consumer Discretionary,69.85,1.76,21.35,3.27,-14.43,56.43,79.88,17.76,1.56,6.06,,http://www.sec.gov/cgi-bin/browse-edgar?action=getcompany&CIK=MAR
MAS,Masco Corp.,Industrials,32.22,1.23,27.61,1.17,-0.38,22.52,32.92,10.59,1.12,1.42,,http://www.sec.gov/cgi-bin/browse-edgar?action=getcompany&CIK=MAS
MAT,Mattel Inc.,Consumer Discretionary,32.62,4.7,31.52,1.03,7.27,19.45,34.76,11.11,0.87073,1.95,4.45,http://www.sec.gov/cgi-bin/browse-edgar?action=getcompany&CIK=MAT
MCD,McDonald's Corp.,Consumer Discretionary,121.31,2.94,23.31,5.2,4.4,87.5,131.96,106.49,9.03,4.19,27.48,http://www.sec.gov/cgi-bin/browse-edgar?action=getcompany&CIK=MCD
MCHP,Microchip Technology,Information Technology,51.87,2.85,34.81,1.49,10.54,37.77,53.17,11.14,0.68437,4.98,4.78,http://www.sec.gov/cgi-bin/browse-edgar?action=getcompany&CIK=MCHP
MCK,McKesson Corp.,Health Care,192.79,0.58,19.87,9.7,39.66,148.29,236.86,43.38,4.62,0.23,4.82,http://www.sec.gov/cgi-bin/browse-edgar?action=getcompany&CIK=MCK
MCO,Moody's Corp,Financials,96.73,1.57,21.71,4.45,-2.99,77.76,113.87,18.79,1.52,5.33,,http://www.sec.gov/cgi-bin/browse-edgar?action=getcompany&CIK=MCO
MDLZ,Mondelez International,Consumer Staples,46.1,1.51,9.93,4.64,17.86,35.88,48.58,71.55,4.55,2.47,2.53,http://www.sec.gov/cgi-bin/browse-edgar?action=getcompany&CIK=MDLZ
MDT,Medtronic plc,Health Care,88.36,1.97,35.63,2.48,37.21,55.54,88.56,123.24,8.74,4.23,2.35,http://www.sec.gov/cgi-bin/browse-edgar?action=getcompany&CIK=MDT
MET,MetLife Inc.,Financials,39.2,4.18,8.41,4.66,68.98,35,58.13,43.07,8.77,0.61,0.55,http://www.sec.gov/cgi-bin/browse-edgar?action=getcompany&CIK=MET
MHK,Mohawk Industries,Consumer Discretionary,194.2,,,49.9,69.51,148.56,212.16,14.39,1.49,1.68,2.72,http://www.sec.gov/cgi-bin/browse-edgar?action=getcompany&CIK=MHK
MJN,Mead Johnson,Consumer Staples,89.36,1.85,33.71,2.65,-3.4,65.53,92.01,16.68,1.03,4.17,,http://www.sec.gov/cgi-bin/browse-edgar?action=getcompany&CIK=MJN
MKC,McCormick & Co.,Consumer Staples,106.96,1.62,31.72,3.37,13.87,75.68,107.84,13.55,0.7235,3.08,7.64,http://www.sec.gov/cgi-bin/browse-edgar?action=getcompany&CIK=MKC
MLM,Martin Marietta Materials,Materials,196.7,0.82,39.79,4.94,62.08,108.31,198.23,12.5,0.82559,3.68,3.15,http://www.sec.gov/cgi-bin/browse-edgar?action=getcompany&CIK=MLM
MMC,Marsh & McLennan,Financials,67.17,2.04,22.39,3,12.82,50.81,68.69,35.01,2.85,2.68,5.21,http://www.sec.gov/cgi-bin/browse-edgar?action=getcompany&CIK=MMC
MMM,3M Company,Industrials,177.12,2.53,22.77,7.78,19.34,134,177.79,107.43,8.57,3.52,9.04,http://www.sec.gov/cgi-bin/browse-edgar?action=getcompany&CIK=MMM
MNK,Mallinckrodt Plc,Health Care,62.29,,15.63,3.98,46.64,50.9,127,6.81,1.53,1.87,1.32,http://www.sec.gov/cgi-bin/browse-edgar?action=getcompany&CIK=MNK
MNST,Monster Beverage,Consumer Staples,161.5,,46,3.51,24.58,113.08,162.33,32.79,1.05,11.78,6.55,http://www.sec.gov/cgi-bin/browse-edgar?action=getcompany&CIK=MNST
MO,Altria Group Inc,Consumer Staples,69.83,3.26,25.2,2.77,1.4,47.41,70.15,136.59,9.06,7.09,49.39,http://www.sec.gov/cgi-bin/browse-edgar?action=getcompany&CIK=MO
MON,Monsanto Co.,Materials,102.68,2.15,45.19,2.27,11.68,81.22,114.26,44.93,3.64,3.31,8.62,http://www.sec.gov/cgi-bin/browse-edgar?action=getcompany&CIK=MON
MOS,The Mosaic Company,Materials,25.48,2.9,9.42,2.71,28.58,22.02,45.98,8.91,1.88,1.04,0.87,http://www.sec.gov/cgi-bin/browse-edgar?action=getcompany&CIK=MOS
MPC,Marathon Petroleum,Energy,36.4,3.51,9.97,3.65,24.34,29.24,60.38,19.29,5.12,0.31,1.46,http://www.sec.gov/cgi-bin/browse-edgar?action=getcompany&CIK=MPC
MRK,Merck & Co.,Health Care,59.35,3.13,36.39,1.63,15.82,45.69,60.07,164.28,14.52,4.13,3.72,http://www.sec.gov/cgi-bin/browse-edgar?action=getcompany&CIK=MRK
MRO,Marathon Oil Corp.,Energy,14.92,1.36,,-3.39,22.82,6.52,25.25,12.65,1.39,2.56,0.65,http://www.sec.gov/cgi-bin/browse-edgar?action=getcompany&CIK=MRO
MS,Morgan Stanley,Financials,26.37,2.34,11.62,2.27,35.33,21.16,41.04,51.08,0,1.5,0.73,http://www.sec.gov/cgi-bin/browse-edgar?action=getcompany&CIK=MS
MSFT,Microsoft Corp.,Information Technology,52.3,2.75,40.32,1.3,9.51,39.72,56.85,411.1,29.15,4.65,5.41,http://www.sec.gov/cgi-bin/browse-edgar?action=getcompany&CIK=MSFT
MSI,Motorola Solutions Inc.,Information Technology,66.38,2.52,22.98,2.89,-0.84,57.79,76.83,11.59,1.25,2,,http://www.sec.gov/cgi-bin/browse-edgar?action=getcompany&CIK=MSI
MTB,M&T Bank Corp.,Financials,115.94,2.45,16,7.25,95.02,100.08,134,18.43,0,3.88,1.2,http://www.sec.gov/cgi-bin/browse-edgar?action=getcompany&CIK=MTB
MU,Micron Technology,Information Technology,12.62,0,36.26,0.34,11.75,9.31,20.57,13.1,3.62,0.99,1.04,http://www.sec.gov/cgi-bin/browse-edgar?action=getcompany&CIK=MU
MUR,Murphy Oil,Energy,30.66,5.1,,-14.2,30.23,14.3,40.89,5.28,-1.44,2.09,0.99,http://www.sec.gov/cgi-bin/browse-edgar?action=getcompany&CIK=MUR
MYL,Mylan N.V.,Health Care,44.54,0,28.5,1.56,20.91,37.59,71.95,22.64,2.94,2.28,2.09,http://www.sec.gov/cgi-bin/browse-edgar?action=getcompany&CIK=MYL
NAVI,Navient,Financials,12.69,5.27,5.24,2.42,11.54,8.2,18.5,4.19,0,1.75,1.05,http://www.sec.gov/cgi-bin/browse-edgar?action=getcompany&CIK=NAVI
NBL,Noble Energy Inc,Energy,35.98,1.11,,-6.49,23.43,23.77,39.92,15.44,1.35,5.17,1.54,http://www.sec.gov/cgi-bin/browse-edgar?action=getcompany&CIK=NBL
NDAQ,NASDAQ OMX Group,Financials,65.88,1.97,20.35,3.24,34.63,47.95,67.61,10.84,1.12,3.1,1.87,http://www.sec.gov/cgi-bin/browse-edgar?action=getcompany&CIK=NDAQ
NEE,NextEra Energy,Utilities,129.93,2.86,21.74,5.98,49.65,93.74,131.98,59.96,8,3.44,2.58,http://www.sec.gov/cgi-bin/browse-edgar?action=getcompany&CIK=NEE
NEM,Newmont Mining Corp. (Hldg. Co.),Materials,41.14,0.24,242,0.17,21.39,15.39,41.46,21.83,2.89,2.79,1.91,http://www.sec.gov/cgi-bin/browse-edgar?action=getcompany&CIK=NEM
NFLX,Netflix Inc.,Information Technology,97.06,,334.69,0.29,5.41,79.95,133.27,41.57,0.31974,5.69,17.58,http://www.sec.gov/cgi-bin/browse-edgar?action=getcompany&CIK=NFLX
NFX,Newfield Exploration Co,Energy,43.82,,,-21.03,7.83,20.84,44.79,8.6,0.835,5.63,5.46,http://www.sec.gov/cgi-bin/browse-edgar?action=getcompany&CIK=NFX
NI,NiSource Inc.,Utilities,26.13,2.72,42.28,0.62,12.05,16.04,26.94,8.4,1.29,1.98,2.16,http://www.sec.gov/cgi-bin/browse-edgar?action=getcompany&CIK=NI
NKE,Nike,Consumer Discretionary,56.72,1.15,26.26,2.16,7.29,47.25,68.19,95.43,5.17,2.91,7.67,http://www.sec.gov/cgi-bin/browse-edgar?action=getcompany&CIK=NKE
NLSN,Nielsen Holdings,Industrials,52.87,2.37,32.1,1.65,12.51,42.76,55.06,19.09,1.53,3.04,4.18,http://www.sec.gov/cgi-bin/browse-edgar?action=getcompany&CIK=NLSN
NOC,Northrop Grumman Corp.,Industrials,221.97,1.62,20.15,11.01,31.08,152.31,223.42,40.05,3.51,1.69,7.09,http://www.sec.gov/cgi-bin/browse-edgar?action=getcompany&CIK=NOC
NOV,National Oilwell Varco Inc.,Energy,32.59,4.76,,-3.17,43.37,25.74,46.51,12.29,1.27,0.99,0.73,http://www.sec.gov/cgi-bin/browse-edgar?action=getcompany&CIK=NOV
NRG,NRG Energy,Utilities,15.07,3.18,,-19.16,8.65,8.8,23.07,4.75,2.97,0.33,1.68,http://www.sec.gov/cgi-bin/browse-edgar?action=getcompany&CIK=NRG
NSC,Norfolk Southern Corp.,Industrials,86.42,2.74,16.02,5.39,41.33,64.51,98.75,25.56,4.07,2.4,2.03,http://www.sec.gov/cgi-bin/browse-edgar?action=getcompany&CIK=NSC
NTAP,NetApp,Information Technology,24.54,3.17,31.87,0.77,10.25,20.66,34.81,6.87,0.631,1.21,2.33,http://www.sec.gov/cgi-bin/browse-edgar?action=getcompany&CIK=NTAP
NTRS,Northern Trust Corp.,Financials,64.53,2.27,15.89,4.06,37.01,54.38,79.25,14.72,0,3.02,1.72,http://www.sec.gov/cgi-bin/browse-edgar?action=getcompany&CIK=NTRS
NUE,Nucor Corp.,Materials,53.19,2.94,47.49,1.12,23.36,33.9,53.32,16.91,1.83,1.04,2.21,http://www.sec.gov/cgi-bin/browse-edgar?action=getcompany&CIK=NUE
NVDA,Nvidia Corporation,Information Technology,50.85,0.97,43.39,1.17,7.86,19.09,51.09,27.15,1.22,5.06,6.22,http://www.sec.gov/cgi-bin/browse-edgar?action=getcompany&CIK=NVDA
NWL,Newell Rubbermaid Co.,Consumer Discretionary,48.86,1.58,39.21,1.25,6.62,33.26,50.9,13.1,1.02,2.16,7.27,http://www.sec.gov/cgi-bin/browse-edgar?action=getcompany&CIK=NWL
NWS,News Corp. Class B,Consumer Discretionary,12.04,1.7,,-0.51,20.08,10.74,15.74,6.98,0.616,0.82,0.59,http://www.sec.gov/cgi-bin/browse-edgar?action=getcompany&CIK=NWS
NWSA,News Corp. Class A,Consumer Discretionary,11.67,1.78,,-0.51,20.08,10.21,15.92,6.77,0.616,0.79,0.57,http://www.sec.gov/cgi-bin/browse-edgar?action=getcompany&CIK=NWSA
O,Realty Income Corporation,Financials,69.91,3.36,65.4,1.07,24.23,43.15,71.92,17.55,0.9472,16.64,2.85,http://www.sec.gov/cgi-bin/browse-edgar?action=getcompany&CIK=O
OI,Owens-Illinois Inc,Materials,17.44,,21.88,0.8,1.84,11.58,24.05,2.82,1.02,0.43,9.21,http://www.sec.gov/cgi-bin/browse-edgar?action=getcompany&CIK=OI
OKE,ONEOK,Energy,47.36,5.24,37.38,1.27,1.37,18.84,48.78,9.95,1.55,1.28,34.42,http://www.sec.gov/cgi-bin/browse-edgar?action=getcompany&CIK=OKE
OMC,Omnicom Group,Consumer Discretionary,83.12,2.37,18.53,4.49,9.99,64.12,85.95,19.76,2.23,1.29,8.24,http://www.sec.gov/cgi-bin/browse-edgar?action=getcompany&CIK=OMC
ORCL,Oracle Corp.,Information Technology,40.87,1.48,19.74,2.03,11.45,33.13,42,168.5,14.75,4.51,3.54,http://www.sec.gov/cgi-bin/browse-edgar?action=getcompany&CIK=ORCL
ORLY,O'Reilly Automotive,Consumer Discretionary,280.61,,28.93,9.7,20.06,225.12,280.81,27.07,1.81,3.25,13.73,http://www.sec.gov/cgi-bin/browse-edgar?action=getcompany&CIK=ORLY
OXY,Occidental Petroleum,Energy,76.13,3.98,,-9.86,31.15,58.24,78.31,58.14,4.41,5,2.42,http://www.sec.gov/cgi-bin/browse-edgar?action=getcompany&CIK=OXY
PAYX,Paychex Inc.,Information Technology,61.33,3.04,29.34,2.09,5.3,41.59,61.5,22.1,1.26,7.4,11.42,http://www.sec.gov/cgi-bin/browse-edgar?action=getcompany&CIK=PAYX
PBCT,People's United Financial,Financials,14.83,4.64,17.05,0.87,15.8,13.62,16.93,4.5,0,3.54,0.93,http://www.sec.gov/cgi-bin/browse-edgar?action=getcompany&CIK=PBCT
PBI,Pitney-Bowes,Industrials,17.8,4.33,9.18,1.94,0.64,16.24,21.81,3.36,0.78579,0.92,27.1,http://www.sec.gov/cgi-bin/browse-edgar?action=getcompany&CIK=PBI
PCAR,PACCAR Inc.,Industrials,52.12,1.89,29.22,1.78,18.1,43.46,66.43,18.27,2.73,0.96,2.8,http://www.sec.gov/cgi-bin/browse-edgar?action=getcompany&CIK=PCAR
PCG,PG&E Corp.,Utilities,64.83,3.04,33.42,1.94,33.52,47.33,65.43,32.16,4.16,1.89,1.92,http://www.sec.gov/cgi-bin/browse-edgar?action=getcompany&CIK=PCG
PCLN,Priceline.com Inc,Consumer Discretionary,1329.46,,26.17,50.81,182.37,954.02,1476.52,65.99,3.65,6.76,7.11,http://www.sec.gov/cgi-bin/browse-edgar?action=getcompany&CIK=PCLN
PDCO,Patterson Companies,Health Care,49.83,1.96,26.02,1.91,15.1,38.51,53.07,4.76,0.4438,0.87,3.25,http://www.sec.gov/cgi-bin/browse-edgar?action=getcompany&CIK=PDCO
PEG,Public Serv. Enterprise Inc.,Utilities,46.14,3.51,14.98,3.08,26.37,36.8,47.41,23.34,4.05,2.33,1.73,http://www.sec.gov/cgi-bin/browse-edgar?action=getcompany&CIK=PEG
PEP,PepsiCo Inc.,Consumer Staples,108.27,2.84,30.59,3.5,8.6,76.48,109,155.82,12.12,2.49,12.5,http://www.sec.gov/cgi-bin/browse-edgar?action=getcompany&CIK=PEP
PFE,Pfizer Inc.,Health Care,36.12,3.35,29.61,1.22,10.4,28.25,36.46,219.06,19.57,4.25,3.44,http://www.sec.gov/cgi-bin/browse-edgar?action=getcompany&CIK=PFE
PFG,Principal Financial Group,Financials,41.59,3.7,10.62,3.92,34.58,33.09,58.02,12.05,1.64,0.94,1.16,http://www.sec.gov/cgi-bin/browse-edgar?action=getcompany&CIK=PFG
PG,Procter & Gamble,Consumer Staples,85.77,3.28,27.03,3.17,21.84,65.02,85.95,228.31,19.19,3.17,3.88,http://www.sec.gov/cgi-bin/browse-edgar?action=getcompany&CIK=PG
PGR,Progressive Corp.,Financials,33.69,2.68,16.11,2.09,12.97,27.23,35.54,19.64,2.16,0.9,2.56,http://www.sec.gov/cgi-bin/browse-edgar?action=getcompany&CIK=PGR
PH,Parker-Hannifin,Industrials,111.33,2.33,20.66,5.39,37.3,83.32,117.78,14.99,1.56,1.26,2.9,http://www.sec.gov/cgi-bin/browse-edgar?action=getcompany&CIK=PH
PHM,Pulte Homes Inc.,Consumer Discretionary,20.48,1.8,14.01,1.46,13.78,14.61,22.1,7.09,0.86663,1.1,1.45,http://www.sec.gov/cgi-bin/browse-edgar?action=getcompany&CIK=PHM
PKI,PerkinElmer,Health Care,53.95,0.53,27.7,1.95,18.8,39.5,56.12,5.88,0.42734,2.52,2.8,http://www.sec.gov/cgi-bin/browse-edgar?action=getcompany&CIK=PKI
PLD,Prologis,Financials,49.55,3.4,35.83,1.38,27.72,35.25,50.74,26.03,1.6,10.13,1.76,http://www.sec.gov/cgi-bin/browse-edgar?action=getcompany&CIK=PLD
PM,Philip Morris International,Consumer Staples,103.09,4.01,24.31,4.24,-8.22,76.54,103.16,159.92,11.03,6.01,,http://www.sec.gov/cgi-bin/browse-edgar?action=getcompany&CIK=PM
PNC,PNC Financial Services,Financials,80.62,2.57,11.02,7.31,83.52,77.4,100.52,40.26,0,2.68,0.95,http://www.sec.gov/cgi-bin/browse-edgar?action=getcompany&CIK=PNC
PNR,Pentair Ltd.,Industrials,61.43,2.29,,-0.47,22.6,41.57,65.63,11.1,1.16,1.64,2.62,http://www.sec.gov/cgi-bin/browse-edgar?action=getcompany&CIK=PNR
PNW,Pinnacle West Capital,Utilities,81.17,3.09,21.27,3.82,41.39,57.33,82.78,9.02,1.41,2.57,1.96,http://www.sec.gov/cgi-bin/browse-edgar?action=getcompany&CIK=PNW
PPG,PPG Industries,Materials,106.32,1.55,20.17,5.27,19.4,82.93,118.27,28.29,2.63,1.79,5.31,http://www.sec.gov/cgi-bin/browse-edgar?action=getcompany&CIK=PPG
PPL,PPL Corp.,Utilities,37.46,4.08,49.42,0.76,14.43,29.18,39.92,25.36,3.73,3.36,2.56,http://www.sec.gov/cgi-bin/browse-edgar?action=getcompany&CIK=PPL
PRGO,Perrigo,Health Care,93.73,0.62,,-1.57,68.77,84.85,198.42,13.42,1.35,2.27,1.35,http://www.sec.gov/cgi-bin/browse-edgar?action=getcompany&CIK=PRGO
PRU,Prudential Financial,Financials,70.99,3.69,6.62,10.72,111.13,57.19,92.6,31.38,8.44,0.53,0.62,http://www.sec.gov/cgi-bin/browse-edgar?action=getcompany&CIK=PRU
PSA,Public Storage,Financials,257.34,2.72,41.31,6.23,29.29,195.46,277.6,44.62,1.78,17.63,8.67,http://www.sec.gov/cgi-bin/browse-edgar?action=getcompany&CIK=PSA
PSX,Phillips 66,Energy,74.85,3.3,11.2,6.68,43.36,69.79,94.12,39.34,5.03,0.49,1.71,http://www.sec.gov/cgi-bin/browse-edgar?action=getcompany&CIK=PSX
PVH,PVH Corp.,Consumer Discretionary,97.32,0.17,11.67,8.34,60.04,64.16,120.67,7.87,1.03,0.95,1.58,http://www.sec.gov/cgi-bin/browse-edgar?action=getcompany&CIK=PVH
PWR,Quanta Services Inc.,Industrials,24.36,,15.95,1.53,19.76,16.77,28.98,3.68,0.45767,0.48,1.2,http://www.sec.gov/cgi-bin/browse-edgar?action=getcompany&CIK=PWR
PX,Praxair Inc.,Materials,114.74,2.68,22.24,5.16,17.14,95.6,120.04,32.73,3.49,3.03,6.53,http://www.sec.gov/cgi-bin/browse-edgar?action=getcompany&CIK=PX
PXD,Pioneer Natural Resources,Energy,153.72,0.05,,-3.04,59.23,103.5,171.88,25.14,1.16,7.74,2.52,http://www.sec.gov/cgi-bin/browse-edgar?action=getcompany&CIK=PXD
PYPL,PayPal,Information Technology,37.36,,34.28,1.09,11.42,30,42.55,44.5,2.02,4.48,3.18,http://www.sec.gov/cgi-bin/browse-edgar?action=getcompany&CIK=PYPL
QCOM,QUALCOMM Inc.,Information Technology,54.19,4.05,17.09,3.17,20.21,42.24,66.05,79.6,8.27,3.44,2.62,http://www.sec.gov/cgi-bin/browse-edgar?action=getcompany&CIK=QCOM
QRVO,Qorvo,Information Technology,56.02,,,-0.2,39.25,33.3,80.79,7.14,0.72472,2.66,1.39,http://www.sec.gov/cgi-bin/browse-edgar?action=getcompany&CIK=QRVO
R,Ryder System,Industrials,64.64,2.64,11.23,5.76,38.08,45.12,93.86,3.47,1.79,0.5,1.63,http://www.sec.gov/cgi-bin/browse-edgar?action=getcompany&CIK=R
RAI,Reynolds American Inc.,Consumer Staples,53.13,3.13,11.21,4.74,14.83,35.69,54.48,75.83,4.83,6.55,3.57,http://www.sec.gov/cgi-bin/browse-edgar?action=getcompany&CIK=RAI
RCL,Royal Caribbean Cruises Ltd,Consumer Discretionary,68.38,2.25,20.82,3.29,36.54,64.21,103.4,14.72,2.18,1.71,1.83,http://www.sec.gov/cgi-bin/browse-edgar?action=getcompany&CIK=RCL
REGN,Regeneron,Health Care,378.35,,59.99,6.31,36.1,329.09,605.93,39.46,1.38,8.73,10.29,http://www.sec.gov/cgi-bin/browse-edgar?action=getcompany&CIK=REGN
RF,Regions Financial Corp.,Financials,8.44,3.15,10.66,0.79,12.86,7,10.87,10.69,0,2.04,0.64,http://www.sec.gov/cgi-bin/browse-edgar?action=getcompany&CIK=RF
RHI,Robert Half International,Industrials,38.66,2.33,14.05,2.75,8.08,34.34,58,5,0.64186,0.94,4.67,http://www.sec.gov/cgi-bin/browse-edgar?action=getcompany&CIK=RHI
RHT,Red Hat Inc.,Information Technology,72.69,,63.76,1.14,7.45,59.59,84.44,13.16,0.37462,6.05,9.59,http://www.sec.gov/cgi-bin/browse-edgar?action=getcompany&CIK=RHT
RIG,Transocean,Energy,12.14,0,2.91,4.16,40.42,7.67,17.19,4.43,2.51,0.72,0.3,http://www.sec.gov/cgi-bin/browse-edgar?action=getcompany&CIK=RIG
RL,Polo Ralph Lauren Corp.,Consumer Discretionary,93.25,2.18,20.18,4.62,45.16,82.15,137.38,7.73,1.07,1.03,2.03,http://www.sec.gov/cgi-bin/browse-edgar?action=getcompany&CIK=RL
ROK,Rockwell Automation Inc.,Industrials,115.7,2.57,20.32,5.69,17.01,87.53,125.6,15.07,1.21,2.43,6.64,http://www.sec.gov/cgi-bin/browse-edgar?action=getcompany&CIK=ROK
ROP,Roper Industries,Industrials,170.04,0.72,25.05,6.79,53.77,150.91,195.93,17.21,1.25,4.68,3.11,http://www.sec.gov/cgi-bin/browse-edgar?action=getcompany&CIK=ROP
ROST,Ross Stores,Consumer Discretionary,58.19,0.95,22.84,2.55,6.36,43.47,59.68,23.25,1.92,1.87,8.9,http://www.sec.gov/cgi-bin/browse-edgar?action=getcompany&CIK=ROST
RRC,Range Resources Corp.,Energy,44.13,0.19,,-5,16.04,19.21,47.95,7.35,0.60891,6.52,2.65,http://www.sec.gov/cgi-bin/browse-edgar?action=getcompany&CIK=RRC
RSG,Republic Services Inc,Industrials,52.56,2.3,25.14,2.09,22.53,39.48,52.66,18.08,2.56,1.95,2.31,http://www.sec.gov/cgi-bin/browse-edgar?action=getcompany&CIK=RSG
RTN,Raytheon Co.,Industrials,138.49,2.12,21.47,6.45,34.1,96.68,138.67,41.13,3.25,1.71,4.02,http://www.sec.gov/cgi-bin/browse-edgar?action=getcompany&CIK=RTN
SBUX,Starbucks Corp.,Consumer Discretionary,56.51,1.41,33.44,1.69,3.48,42.05,64,82.78,4.57,4.13,16.36,http://www.sec.gov/cgi-bin/browse-edgar?action=getcompany&CIK=SBUX
SCG,SCANA Corp,Utilities,75.08,3.26,20.56,3.65,38.76,50.17,76.41,10.73,1.46,2.55,1.92,http://www.sec.gov/cgi-bin/browse-edgar?action=getcompany&CIK=SCG
SCHW,Charles Schwab Corporation,Financials,25.73,1.11,23.39,1.1,9.33,21.51,35.72,34.01,0,5.1,2.71,http://www.sec.gov/cgi-bin/browse-edgar?action=getcompany&CIK=SCHW
SE,Spectra Energy Corp.,Energy,36.36,5.15,150.87,0.24,10.47,21.43,36.88,24.88,2.5,4.93,3.44,http://www.sec.gov/cgi-bin/browse-edgar?action=getcompany&CIK=SE
SEE,Sealed Air Corp.(New),Materials,47.03,1.33,29.1,1.62,2.85,38.02,55.84,9.27,1.07,1.31,16.05,http://www.sec.gov/cgi-bin/browse-edgar?action=getcompany&CIK=SEE
SHW,Sherwin-Williams,Materials,306.52,1.12,26.94,11.38,10.94,218.27,309,28.04,1.88,2.41,27.61,http://www.sec.gov/cgi-bin/browse-edgar?action=getcompany&CIK=SHW
SIG,Signet Jewelers,Consumer Discretionary,84.23,1.26,13.46,6.26,39.52,77,152.27,6.57,0.9677,0.94,2.09,http://www.sec.gov/cgi-bin/browse-edgar?action=getcompany&CIK=SIG
SJM,Smucker (J.M.),Consumer Staples,154.08,1.75,26.75,5.76,60.26,104.3,154.71,17.94,1.69,2.28,2.54,http://www.sec.gov/cgi-bin/browse-edgar?action=getcompany&CIK=SJM
SLB,Schlumberger Ltd.,Energy,78.74,2.57,62.25,1.26,28.23,59.6,86.61,98.61,8.51,3.07,2.75,http://www.sec.gov/cgi-bin/browse-edgar?action=getcompany&CIK=SLB
SLG,SL Green Realty,Financials,105.98,2.79,42.6,2.49,70.4,80.12,121.94,10.62,0.99745,5.97,1.46,http://www.sec.gov/cgi-bin/browse-edgar?action=getcompany&CIK=SLG
SNA,Snap-On Inc.,Consumer Discretionary,160.16,1.56,19.09,8.39,43.29,133.09,174.52,9.31,0.858,2.53,3.63,http://www.sec.gov/cgi-bin/browse-edgar?action=getcompany&CIK=SNA
SNI,Scripps Networks Interactive Inc.,Consumer Discretionary,64.41,1.58,10.8,5.96,14.31,47.62,68.44,8.31,1.44,2.57,4.42,http://www.sec.gov/cgi-bin/browse-edgar?action=getcompany&CIK=SNI
SO,Southern Co.,Utilities,54.14,4.26,21.16,2.56,22.65,41.81,54.49,49.71,6.71,2.85,2.37,http://www.sec.gov/cgi-bin/browse-edgar?action=getcompany&CIK=SO
SPG,Simon Property Group Inc,Financials,219.56,3.21,38.53,5.7,14.69,173.09,220.33,67.94,3.98,12.47,14.67,http://www.sec.gov/cgi-bin/browse-edgar?action=getcompany&CIK=SPG
SPGI,"S&P Global, Inc.",Financials,108.87,1.35,25.87,4.21,0.84,78.55,112.75,28.81,2.25,5.28,127.9,http://www.sec.gov/cgi-bin/browse-edgar?action=getcompany&CIK=SPGI
SPLS,Staples Inc.,Consumer Discretionary,8.85,5.52,15.8,0.56,8.48,8,15.65,5.72,1.35,0.27,1.01,http://www.sec.gov/cgi-bin/browse-edgar?action=getcompany&CIK=SPLS
SRCL,Stericycle Inc,Industrials,104.7,,36.24,2.89,33.08,91.05,151.57,8.89,0.81567,2.71,3.08,http://www.sec.gov/cgi-bin/browse-edgar?action=getcompany&CIK=SRCL
SRE,Sempra Energy,Utilities,114.11,2.67,23.29,4.9,47.83,86.72,114.66,28.5,3.1,2.78,2.36,http://www.sec.gov/cgi-bin/browse-edgar?action=getcompany&CIK=SRE
STI,SunTrust Banks,Financials,41.44,2.34,11.38,3.64,44.97,31.07,45.84,20.94,0,2.59,0.91,http://www.sec.gov/cgi-bin/browse-edgar?action=getcompany&CIK=STI
STJ,St Jude Medical,Health Care,80.58,1.55,32.37,2.49,14.44,48.83,80.84,22.91,1.6,4.04,5.55,http://www.sec.gov/cgi-bin/browse-edgar?action=getcompany&CIK=STJ
STT,State Street Corp.,Financials,53.23,2.61,12.15,4.38,47.51,50.6,81.26,21.08,0,2.01,1.1,http://www.sec.gov/cgi-bin/browse-edgar?action=getcompany&CIK=STT
STX,Seagate Technology,Information Technology,24.01,10.62,23.59,1.02,5.64,18.42,52.88,7.17,1.51,0.62,4.21,http://www.sec.gov/cgi-bin/browse-edgar?action=getcompany&CIK=STX
STZ,Constellation Brands,Consumer Staples,165.99,0.97,,5.55,0,114.49,167.91,,,,,http://www.sec.gov/cgi-bin/browse-edgar?action=getcompany&CIK=STZ
SWK,Stanley Black & Decker,Consumer Discretionary,114.97,1.96,19.01,6.05,37.76,88.72,115.36,17.26,1.78,1.51,2.99,http://www.sec.gov/cgi-bin/browse-edgar?action=getcompany&CIK=SWK
SWKS,Skyworks Solutions,Information Technology,62.91,1.67,12.24,5.14,18.63,54.5,106.5,11.97,1.37,3.41,3.27,http://www.sec.gov/cgi-bin/browse-edgar?action=getcompany&CIK=SWKS
SWN,Southwestern Energy,Energy,12.87,0,,-15.34,2.99,5,22.7,4.95,0.946,1.71,4.13,http://www.sec.gov/cgi-bin/browse-edgar?action=getcompany&CIK=SWN
SYF,Synchrony Financial,Financials,27.31,,10.15,2.69,15.84,23.25,36.4,22.77,0,3.15,1.64,http://www.sec.gov/cgi-bin/browse-edgar?action=getcompany&CIK=SYF
SYK,Stryker Corp.,Health Care,122.29,1.35,28.62,4.27,23.55,86.68,122.4,45.73,2.72,4.5,5.14,http://www.sec.gov/cgi-bin/browse-edgar?action=getcompany&CIK=SYK
SYMC,Symantec Corp.,Information Technology,20.7,1.47,5.58,3.71,6.01,16.14,23.99,12.67,0.892,3.48,3.4,http://www.sec.gov/cgi-bin/browse-edgar?action=getcompany&CIK=SYMC
SYY,Sysco Corp.,Consumer Staples,51.59,2.42,37.55,1.37,7.03,35.55,51.7,29.07,2.48,0.59,7.29,http://www.sec.gov/cgi-bin/browse-edgar?action=getcompany&CIK=SYY
T,AT&T Inc,Telecommunications Services,42.61,4.45,18.06,2.36,20.05,30.97,43.89,262.31,49.76,1.68,2.11,http://www.sec.gov/cgi-bin/browse-edgar?action=getcompany&CIK=T
TAP,Molson Coors Brewing Company,Consumer Staples,102.56,1.64,44.61,2.3,46.1,63.91,104.15,22.02,0.6407,6.08,2.17,http://www.sec.gov/cgi-bin/browse-edgar?action=getcompany&CIK=TAP
TDC,Teradata Corp.,Information Technology,25.94,,,-2.08,6.14,21.98,37.53,3.37,0.379,1.32,4.11,http://www.sec.gov/cgi-bin/browse-edgar?action=getcompany&CIK=TDC
TDG,TransDigm Group,Industrials,269.81,0,31.05,8.69,-18.16,180.76,270.08,14.29,1.33,4.64,,http://www.sec.gov/cgi-bin/browse-edgar?action=getcompany&CIK=TDG
TEL,TE Connectivity Ltd.,Information Technology,57.53,2.62,10.9,5.28,20.72,51.7,67.99,20.57,2.47,1.7,2.72,http://www.sec.gov/cgi-bin/browse-edgar?action=getcompany&CIK=TEL
TGNA,Tegna,Consumer Discretionary,23.64,2.39,12.4,1.91,9.92,21.11,32.93,5.14,1.13,1.64,2.36,http://www.sec.gov/cgi-bin/browse-edgar?action=getcompany&CIK=TGNA
TGT,Target Corp.,Consumer Discretionary,71.31,3.42,13.2,5.4,21.13,65.5,85.31,42.02,7.41,0.57,3.32,http://www.sec.gov/cgi-bin/browse-edgar?action=getcompany&CIK=TGT
TIF,Tiffany & Co.,Consumer Discretionary,61.35,3.02,17.66,3.47,23.35,56.99,96.43,7.73,0.9392,1.86,2.55,http://www.sec.gov/cgi-bin/browse-edgar?action=getcompany&CIK=TIF
TJX,TJX Companies Inc.,Consumer Discretionary,78.96,1.35,23.2,3.4,6.86,63.53,79.2,52.2,4.39,1.62,11.26,http://www.sec.gov/cgi-bin/browse-edgar?action=getcompany&CIK=TJX
TMK,Torchmark Corp.,Financials,61.32,0.93,14.56,4.21,36.27,48.47,63.26,7.4,0.85226,1.92,1.67,http://www.sec.gov/cgi-bin/browse-edgar?action=getcompany&CIK=TMK
TMO,Thermo Fisher Scientific,Health Care,152.69,0.4,30.73,4.97,53.17,117.1,154.81,60.09,4.23,3.38,2.8,http://www.sec.gov/cgi-bin/browse-edgar?action=getcompany&CIK=TMO
TRIP,TripAdvisor,Consumer Discretionary,67.13,,60.53,1.11,10.05,53.48,94,9.78,0.233,6.45,6.53,http://www.sec.gov/cgi-bin/browse-edgar?action=getcompany&CIK=TRIP
TROW,T. Rowe Price Group,Financials,73.24,3.02,15.75,4.65,19.2,63.57,79.74,18.18,1.96,4.26,3.73,http://www.sec.gov/cgi-bin/browse-edgar?action=getcompany&CIK=TROW
TRV,The Travelers Companies Inc.,Financials,118.08,2.28,11.09,10.65,82.65,95.21,119.3,34.53,5.69,1.28,1.42,http://www.sec.gov/cgi-bin/browse-edgar?action=getcompany&CIK=TRV
TSCO,Tractor Supply Company,Consumer Discretionary,93.69,1.04,30.35,3.09,10.15,75,97.25,12.5,0.79272,1.94,9.09,http://www.sec.gov/cgi-bin/browse-edgar?action=getcompany&CIK=TSCO
TSN,Tyson Foods,Consumer Staples,68.92,0.89,18.65,3.7,25.19,39.05,70.44,26.79,3.51,0.68,2.69,http://www.sec.gov/cgi-bin/browse-edgar?action=getcompany&CIK=TSN
TSO,Tesoro Petroleum Co.,Energy,72.72,2.86,6.12,11.88,43.66,67.8,119.67,8.7,3.78,0.31,1.6,http://www.sec.gov/cgi-bin/browse-edgar?action=getcompany&CIK=TSO
TSS,Total System Services,Information Technology,54.01,0.76,26.49,2.04,10.48,37.47,56.69,9.92,0.7015,3.38,5.02,http://www.sec.gov/cgi-bin/browse-edgar?action=getcompany&CIK=TSS
TWX,Time Warner Inc.,Consumer Discretionary,77.96,2.12,15.64,4.98,30.22,55.53,91.34,61.31,8.05,2.12,2.52,http://www.sec.gov/cgi-bin/browse-edgar?action=getcompany&CIK=TWX
TXN,Texas Instruments,Information Technology,63.27,2.49,22.08,2.87,9.72,43.49,63.31,63.54,5.27,4.82,6.36,http://www.sec.gov/cgi-bin/browse-edgar?action=getcompany&CIK=TXN
TXT,Textron Inc.,Industrials,36.99,0.22,14.3,2.59,18.57,30.69,44.98,9.94,1.6,0.71,1.92,http://www.sec.gov/cgi-bin/browse-edgar?action=getcompany&CIK=TXT
TYC,Tyco International,Industrials,42.77,1.97,41.16,1.04,9.75,28.94,43.98,18.2,1.57,1.83,4.28,http://www.sec.gov/cgi-bin/browse-edgar?action=getcompany&CIK=TYC
UA,Under Armour,Consumer Discretionary,40.43,,75.71,0.53,2.66,31.61,52.94,35.33,0.53372,8.42,15.23,http://www.sec.gov/cgi-bin/browse-edgar?action=getcompany&CIK=UA
UAL,United Continental Holdings,Industrials,41.48,0,2.15,19.33,23.11,37.41,62.21,13.97,7.3,0.36,1.74,http://www.sec.gov/cgi-bin/browse-edgar?action=getcompany&CIK=UAL
UDR,UDR Inc,Financials,37.09,3.22,35.32,1.05,10.95,30.03,38.61,9.91,0.5551,10.71,3.34,http://www.sec.gov/cgi-bin/browse-edgar?action=getcompany&CIK=UDR
UHS,"Universal Health Services, Inc.",Health Care,137.16,0.3,19.72,6.96,44.2,100.82,148.57,13.31,1.69,1.41,3.05,http://www.sec.gov/cgi-bin/browse-edgar?action=getcompany&CIK=UHS
ULTA,Ulta Salon Cosmetics & Fragrance Inc,Consumer Discretionary,250.82,0,46.53,5.39,21.07,120.38,253.11,15.66,0.72085,3.74,11.73,http://www.sec.gov/cgi-bin/browse-edgar?action=getcompany&CIK=ULTA
UNH,United Health Group Inc.,Health Care,141.27,1.78,22.71,6.22,36.87,95,142.96,134.32,12.73,0.81,3.82,http://www.sec.gov/cgi-bin/browse-edgar?action=getcompany&CIK=UNH
UNM,Unum Group,Financials,31.2,2.43,8.81,3.54,37.52,23.99,38.15,7.42,1.49,0.67,0.81,http://www.sec.gov/cgi-bin/browse-edgar?action=getcompany&CIK=UNM
UNP,Union Pacific,Industrials,90.69,2.5,16.94,5.36,24.35,67.06,99.71,76.27,9.79,3.52,3.62,http://www.sec.gov/cgi-bin/browse-edgar?action=getcompany&CIK=UNP
UPS,United Parcel Service,Industrials,109.52,2.89,19.9,5.5,2.78,87.3,109.85,96.67,9.96,1.62,38.85,http://www.sec.gov/cgi-bin/browse-edgar?action=getcompany&CIK=UPS
URBN,Urban Outfitters,Consumer Discretionary,29.09,,16.13,1.8,10.02,19.26,36.99,3.41,0.49862,0.95,2.8,http://www.sec.gov/cgi-bin/browse-edgar?action=getcompany&CIK=URBN
URI,"United Rentals, Inc.",Industrials,67.44,,11.32,5.96,16.79,41.9,82.63,5.97,1.78,0.98,3.85,http://www.sec.gov/cgi-bin/browse-edgar?action=getcompany&CIK=URI
USB,U.S. Bancorp,Financials,40.09,2.6,12.68,3.16,23.82,37.07,46.26,69.21,0,3.64,1.65,http://www.sec.gov/cgi-bin/browse-edgar?action=getcompany&CIK=USB
UTX,United Technologies,Industrials,103.66,2.59,12.15,8.53,33.88,83.39,112.36,86.75,10.11,1.52,3.01,http://www.sec.gov/cgi-bin/browse-edgar?action=getcompany&CIK=UTX
V,Visa Inc.,Information Technology,76.42,0.75,26.64,2.87,12.22,60,81.73,182.28,9.63,12.45,6.1,http://www.sec.gov/cgi-bin/browse-edgar?action=getcompany&CIK=V
VAR,Varian Medical Systems,Health Care,84.99,0,21.02,4.04,17.68,71.07,90.78,8.09,0.60497,2.56,4.74,http://www.sec.gov/cgi-bin/browse-edgar?action=getcompany&CIK=VAR
VFC,V.F. Corp.,Consumer Discretionary,64.05,2.36,22.95,2.79,11.74,52.21,77.4,26.71,2.02,2.11,5.35,http://www.sec.gov/cgi-bin/browse-edgar?action=getcompany&CIK=VFC
VIAB,Viacom Inc.,Consumer Discretionary,45.2,3.72,8.11,5.57,9.82,30.11,62.63,17.9,3.79,1.31,4.38,http://www.sec.gov/cgi-bin/browse-edgar?action=getcompany&CIK=VIAB
VLO,Valero Energy,Energy,47.73,5.08,6.63,7.2,43.97,46.88,73.88,22.42,7.58,0.27,1.07,http://www.sec.gov/cgi-bin/browse-edgar?action=getcompany&CIK=VLO
VMC,Vulcan Materials,Materials,123.61,0.66,60.09,2.06,33.15,78.83,124.28,16.46,0.89797,4.58,3.67,http://www.sec.gov/cgi-bin/browse-edgar?action=getcompany&CIK=VMC
VNO,Vornado Realty Trust,Financials,100.46,2.57,39.61,2.54,27.8,78.91,103.41,18.96,1.22,7.44,3.52,http://www.sec.gov/cgi-bin/browse-edgar?action=getcompany&CIK=VNO
VRSK,Verisk Analytics,Industrials,83.4,,28.48,2.93,7.68,64.79,83.4,14.03,0.99243,6.32,10.65,http://www.sec.gov/cgi-bin/browse-edgar?action=getcompany&CIK=VRSK
VRSN,Verisign Inc.,Information Technology,85.6,0,28.72,2.98,-10.18,63.42,93.94,9.29,0.68909,8.35,,http://www.sec.gov/cgi-bin/browse-edgar?action=getcompany&CIK=VRSN
VRTX,Vertex Pharmaceuticals Inc,Health Care,88.96,,,-1.65,3.87,75.9,143.45,22,-0.16976,17.24,23.27,http://www.sec.gov/cgi-bin/browse-edgar?action=getcompany&CIK=VRTX
VTR,Ventas Inc,Financials,72.63,4.05,54.98,1.32,28.49,46.87,73.83,24.56,1.72,7.32,2.53,http://www.sec.gov/cgi-bin/browse-edgar?action=getcompany&CIK=VTR
VZ,Verizon Communications,Telecommunications Services,55.9,4.08,12.68,4.41,4.57,38.06,56.95,227.86,49.09,1.71,12.11,http://www.sec.gov/cgi-bin/browse-edgar?action=getcompany&CIK=VZ
WAT,Waters Corporation,Health Care,146.53,0,25.91,5.66,25.97,112,146.96,11.86,0.66179,5.61,5.49,http://www.sec.gov/cgi-bin/browse-edgar?action=getcompany&CIK=WAT
WBA,Walgreens Boots Alliance,Consumer Staples,81.8,1.77,28.27,2.89,28.55,71.5,97.3,88.53,8.27,0.74,2.82,http://www.sec.gov/cgi-bin/browse-edgar?action=getcompany&CIK=WBA
WDC,Western Digital,Information Technology,49.35,4.2,13.94,3.54,41.24,34.99,88.46,11.5,2.22,0.88,1.16,http://www.sec.gov/cgi-bin/browse-edgar?action=getcompany&CIK=WDC
WEC,Wisconsin Energy Corporation,Utilities,65.03,3.02,24.35,2.67,27.94,46,66.1,20.53,2.14,3.02,2.3,http://www.sec.gov/cgi-bin/browse-edgar?action=getcompany&CIK=WEC
WFC,Wells Fargo,Financials,47.79,3.26,11.74,4.07,34.62,44.5,58.77,242.63,0,2.82,1.35,http://www.sec.gov/cgi-bin/browse-edgar?action=getcompany&CIK=WFC
WFM,Whole Foods Market,Consumer Staples,33.58,1.63,22.91,1.47,10.11,28.07,41.97,10.78,1.39,0.69,3.29,http://www.sec.gov/cgi-bin/browse-edgar?action=getcompany&CIK=WFM
WHR,Whirlpool Corp.,Consumer Discretionary,171.38,2.38,18.27,9.38,62.6,123.6,193.59,13.02,2.09,0.62,2.68,http://www.sec.gov/cgi-bin/browse-edgar?action=getcompany&CIK=WHR
WLTW,Willis Towers Watson,Financials,125.06,1.54,26.71,4.68,80.57,104.11,129.7,17.31,1.16,3.48,1.54,http://www.sec.gov/cgi-bin/browse-edgar?action=getcompany&CIK=WLTW
WM,Waste Management Inc.,Industrials,67.61,2.44,26.87,2.52,11.9,47.55,70.5,30.04,3.46,2.28,5.66,http://www.sec.gov/cgi-bin/browse-edgar?action=getcompany&CIK=WM
WMB,Williams Cos.,Energy,20.99,12.43,,-0.94,7.59,10.22,58.77,15.75,3.24,2.09,2.68,http://www.sec.gov/cgi-bin/browse-edgar?action=getcompany&CIK=WMB
WMT,Wal-Mart Stores,Consumer Staples,73.84,2.72,16.32,4.52,24.06,56.3,74.14,230.13,33.22,0.47,3.06,http://www.sec.gov/cgi-bin/browse-edgar?action=getcompany&CIK=WMT
WRK,Westrock Co,Materials,38.55,4.04,,-0.55,43.77,29.73,64.74,9.63,2.26,0.67,0.85,http://www.sec.gov/cgi-bin/browse-edgar?action=getcompany&CIK=WRK
WU,Western Union Co,Information Technology,19.57,3.34,12.22,1.6,2.52,16.02,20.62,9.61,1.38,1.71,7.54,http://www.sec.gov/cgi-bin/browse-edgar?action=getcompany&CIK=WU
WY,Weyerhaeuser Corp.,Financials,30.67,4.12,37.86,0.81,13.53,22.06,32.72,22.91,1.51,3.14,2.23,http://www.sec.gov/cgi-bin/browse-edgar?action=getcompany&CIK=WY
WYN,Wyndham Worldwide,Consumer Discretionary,72.35,2.84,14.46,5,7.48,60.59,87.33,8.1,1.25,1.43,9.5,http://www.sec.gov/cgi-bin/browse-edgar?action=getcompany&CIK=WYN
WYNN,Wynn Resorts Ltd,Consumer Discretionary,89.75,2.22,29.01,3.09,-0.83,49.95,110.31,9.1,0.9572,2.27,,http://www.sec.gov/cgi-bin/browse-edgar?action=getcompany&CIK=WYNN
XEC,Cimarex Energy,Energy,118.43,0.27,,-23.01,27.57,72.77,124.91,11.23,0.65789,8.17,4.16,http://www.sec.gov/cgi-bin/browse-edgar?action=getcompany&CIK=XEC
XEL,Xcel Energy Inc,Utilities,44.59,3,21.13,2.11,21.01,32.43,45.42,22.65,3.43,2.08,2.11,http://www.sec.gov/cgi-bin/browse-edgar?action=getcompany&CIK=XEL
XL,XL Capital,Financials,33.01,2.45,8.31,3.97,40.83,25.56,40.48,9.4,1.59,0.88,0.8,http://www.sec.gov/cgi-bin/browse-edgar?action=getcompany&CIK=XL
XLNX,Xilinx Inc,Information Technology,46.97,2.9,22.91,2.05,10.21,38.73,50.72,11.92,0.73832,5.24,4.48,http://www.sec.gov/cgi-bin/browse-edgar?action=getcompany&CIK=XLNX
XOM,Exxon Mobil Corp.,Energy,93.54,3.23,30.13,3.11,41.53,66.55,94.49,387.87,27.74,1.75,2.24,http://www.sec.gov/cgi-bin/browse-edgar?action=getcompany&CIK=XOM
XRAY,Dentsply Sirona,Health Care,63.39,0.5,30.82,2.06,35.79,49.48,65.83,14.85,0.5812,5.25,1.75,http://www.sec.gov/cgi-bin/browse-edgar?action=getcompany&CIK=XRAY
XRX,Xerox Corp.,Information Technology,9.54,3.3,38.31,0.25,9.01,8.48,11.46,9.66,1.73,0.53,1.04,http://www.sec.gov/cgi-bin/browse-edgar?action=getcompany&CIK=XRX
XYL,Xylem Inc.,Industrials,46.41,1.43,24.53,1.89,12.07,29.9,46.67,8.3,0.598,2.23,3.78,http://www.sec.gov/cgi-bin/browse-edgar?action=getcompany&CIK=XYL
YHOO,Yahoo Inc.,Information Technology,37.74,,,-4.76,30.03,26.15,39.98,35.82,0.24544,7.37,1.25,http://www.sec.gov/cgi-bin/browse-edgar?action=getcompany&CIK=YHOO
YUM,Yum! Brands Inc,Consumer Discretionary,85.76,2.18,28.29,3.03,0.38,64.58,92.33,34.94,2.97,2.62,220.13,http://www.sec.gov/cgi-bin/browse-edgar?action=getcompany&CIK=YUM
ZBH,Zimmer Biomet Holdings,Health Care,124.89,0.79,307.61,0.41,48.52,88.27,124.98,24.88,2.63,3.59,2.51,http://www.sec.gov/cgi-bin/browse-edgar?action=getcompany&CIK=ZBH
ZION,Zions Bancorp,Financials,24.74,0.98,20.45,1.21,33.23,19.65,32.42,5.06,0,2.44,0.73,http://www.sec.gov/cgi-bin/browse-edgar?action=getcompany&CIK=ZION
ZTS,Zoetis,Health Care,48.5,0.8,63.98,0.76,2.35,37.73,50.39,24.07,1.53,4.9,20.32,http://www.sec.gov/cgi-bin/browse-edgar?action=getcompany&CIK=ZTS
